itemid, item 1, item 1 amount, item 1 prob, item 2..,,,,,,,,,,,,,,,,,,,,,,,,,,,,,,,,,,,,,,,,, item 15, number you get, number of items
2032,12243,2,95000,12243,3,2000,12243,4,1000,12083,1,1000,12244,2,500,12245,2,500,0,0,0,0,0,0,0,0,0,0,0,0,0,0,0,0,0,0,0,0,0,0,0,0,0,0,0,1,6
2033,12245,2,95000,12245,3,2000,12245,4,1000,12085,1,1000,12246,2,500,12247,2,500,0,0,0,0,0,0,0,0,0,0,0,0,0,0,0,0,0,0,0,0,0,0,0,0,0,0,0,1,6
2034,12247,2,95000,12247,3,2000,12247,4,1000,12086,1,1000,12248,2,500,12249,2,500,0,0,0,0,0,0,0,0,0,0,0,0,0,0,0,0,0,0,0,0,0,0,0,0,0,0,0,1,6
2035,12249,2,95000,12249,3,2000,12249,4,1000,12086,1,1000,12250,2,500,12381,2,500,0,0,0,0,0,0,0,0,0,0,0,0,0,0,0,0,0,0,0,0,0,0,0,0,0,0,0,1,6
2036,12250,2,95000,12250,3,2000,12250,4,1000,12086,1,1000,12381,2,500,12381,3,500,0,0,0,0,0,0,0,0,0,0,0,0,0,0,0,0,0,0,0,0,0,0,0,0,0,0,0,1,6
2037,12381,2,95000,12381,3,2000,12381,4,1000,12086,1,1000,12381,5,500,12086,1,500,0,0,0,0,0,0,0,0,0,0,0,0,0,0,0,0,0,0,0,0,0,0,0,0,0,0,0,1,6
2042,12382,2,95000,12382,3,2000,12382,4,1000,12086,1,1000,12381,5,500,12086,1,500,0,0,0,0,0,0,0,0,0,0,0,0,0,0,0,0,0,0,0,0,0,0,0,0,0,0,0,1,6
2092,12243,2,95000,12243,3,2000,12243,4,1000,12083,1,1000,12244,2,500,12245,2,500,0,0,0,0,0,0,0,0,0,0,0,0,0,0,0,0,0,0,0,0,0,0,0,0,0,0,0,1,6
2093,12245,2,95000,12245,3,2000,12245,4,1000,12085,1,1000,12246,2,500,12247,2,500,0,0,0,0,0,0,0,0,0,0,0,0,0,0,0,0,0,0,0,0,0,0,0,0,0,0,0,1,6
2094,12247,2,95000,12247,3,2000,12247,4,1000,12086,1,1000,12248,2,500,12249,2,500,0,0,0,0,0,0,0,0,0,0,0,0,0,0,0,0,0,0,0,0,0,0,0,0,0,0,0,1,6
2095,12249,2,95000,12249,3,2000,12249,4,1000,12086,1,1000,12250,2,500,12381,2,500,0,0,0,0,0,0,0,0,0,0,0,0,0,0,0,0,0,0,0,0,0,0,0,0,0,0,0,1,6
2096,12250,2,95000,12250,3,2000,12250,4,1000,12086,1,1000,12381,2,500,12381,3,500,0,0,0,0,0,0,0,0,0,0,0,0,0,0,0,0,0,0,0,0,0,0,0,0,0,0,0,1,6
2097,12381,2,95000,12381,3,2000,12381,4,1000,12086,1,1000,12381,5,500,12086,1,500,0,0,0,0,0,0,0,0,0,0,0,0,0,0,0,0,0,0,0,0,0,0,0,0,0,0,0,1,6
2102,12382,2,95000,12382,3,2000,12382,4,1000,12086,1,1000,12382,5,500,12086,1,500,0,0,0,0,0,0,0,0,0,0,0,0,0,0,0,0,0,0,0,0,0,0,0,0,0,0,0,1,6
2062,12243,2,95000,12243,3,2000,12243,4,1000,12083,1,1000,12244,2,500,12245,2,500,0,0,0,0,0,0,0,0,0,0,0,0,0,0,0,0,0,0,0,0,0,0,0,0,0,0,0,1,6
2063,12245,2,95000,12245,3,2000,12245,4,1000,12085,1,1000,12246,2,500,12247,2,500,0,0,0,0,0,0,0,0,0,0,0,0,0,0,0,0,0,0,0,0,0,0,0,0,0,0,0,1,6
2064,12247,2,95000,12247,3,2000,12247,4,1000,12086,1,1000,12248,2,500,12249,2,500,0,0,0,0,0,0,0,0,0,0,0,0,0,0,0,0,0,0,0,0,0,0,0,0,0,0,0,1,6
2065,12249,2,95000,12249,3,2000,12249,4,1000,12086,1,1000,12250,2,500,12381,2,500,0,0,0,0,0,0,0,0,0,0,0,0,0,0,0,0,0,0,0,0,0,0,0,0,0,0,0,1,6
2066,12250,2,95000,12250,3,2000,12250,4,1000,12086,1,1000,12381,2,500,12381,3,500,0,0,0,0,0,0,0,0,0,0,0,0,0,0,0,0,0,0,0,0,0,0,0,0,0,0,0,1,6
2067,12381,2,95000,12381,3,2000,12381,4,1000,12086,1,1000,12381,5,500,12086,1,500,0,0,0,0,0,0,0,0,0,0,0,0,0,0,0,0,0,0,0,0,0,0,0,0,0,0,0,1,6
2072,12382,2,95000,12382,3,2000,12381,4,1000,12086,1,1000,12382,5,500,12086,1,500,0,0,0,0,0,0,0,0,0,0,0,0,0,0,0,0,0,0,0,0,0,0,0,0,0,0,0,1,6
2122,12243,2,95000,12243,3,2000,12243,4,1000,12083,1,1000,12244,2,500,12245,2,500,0,0,0,0,0,0,0,0,0,0,0,0,0,0,0,0,0,0,0,0,0,0,0,0,0,0,0,1,6
2123,12245,2,95000,12245,3,2000,12245,4,1000,12085,1,1000,12246,2,500,12247,2,500,0,0,0,0,0,0,0,0,0,0,0,0,0,0,0,0,0,0,0,0,0,0,0,0,0,0,0,1,6
2124,12247,2,95000,12247,3,2000,12247,4,1000,12086,1,1000,12248,2,500,12249,2,500,0,0,0,0,0,0,0,0,0,0,0,0,0,0,0,0,0,0,0,0,0,0,0,0,0,0,0,1,6
2125,12249,2,95000,12249,3,2000,12249,4,1000,12086,1,1000,12250,2,500,12381,2,500,0,0,0,0,0,0,0,0,0,0,0,0,0,0,0,0,0,0,0,0,0,0,0,0,0,0,0,1,6
2126,12250,2,95000,12250,3,2000,12250,4,1000,12086,1,1000,12381,2,500,12381,3,500,0,0,0,0,0,0,0,0,0,0,0,0,0,0,0,0,0,0,0,0,0,0,0,0,0,0,0,1,6
2127,12381,2,95000,12381,3,2000,12381,4,1000,12086,1,1000,12381,5,500,12086,1,500,0,0,0,0,0,0,0,0,0,0,0,0,0,0,0,0,0,0,0,0,0,0,0,0,0,0,0,1,6
2132,12382,2,95000,12382,3,2000,12382,4,1000,12086,1,1000,12382,5,500,12086,1,500,0,0,0,0,0,0,0,0,0,0,0,0,0,0,0,0,0,0,0,0,0,0,0,0,0,0,0,1,6
2007,12242,2,95000,12242,3,2000,12242,4,1000,12082,1,1000,12243,2,500,12244,2,500,0,0,0,0,0,0,0,0,0,0,0,0,0,0,0,0,0,0,0,0,0,0,0,0,0,0,0,1,6
2008,12244,2,95000,12244,3,2000,12244,4,1000,12084,1,1000,12245,2,500,12246,2,500,0,0,0,0,0,0,0,0,0,0,0,0,0,0,0,0,0,0,0,0,0,0,0,0,0,0,0,1,6
2009,12246,2,95000,12246,3,2000,12246,4,1000,12086,1,1000,12247,2,500,12248,2,500,0,0,0,0,0,0,0,0,0,0,0,0,0,0,0,0,0,0,0,0,0,0,0,0,0,0,0,1,6
2010,12248,2,95000,12248,3,2000,12248,4,1000,12086,1,1000,12249,2,500,12250,2,500,0,0,0,0,0,0,0,0,0,0,0,0,0,0,0,0,0,0,0,0,0,0,0,0,0,0,0,1,6
2011,12250,2,95000,12250,3,2000,12250,4,1000,12086,1,1000,12381,2,500,12381,3,500,0,0,0,0,0,0,0,0,0,0,0,0,0,0,0,0,0,0,0,0,0,0,0,0,0,0,0,1,6
2012,12381,2,95000,12381,3,2000,12381,4,1000,12086,1,1000,12381,5,500,12086,1,500,0,0,0,0,0,0,0,0,0,0,0,0,0,0,0,0,0,0,0,0,0,0,0,0,0,0,0,1,6
3032,12243,5,95000,12243,8,2000,12243,10,1000,12083,1,1000,12244,5,500,12245,5,500,0,0,0,0,0,0,0,0,0,0,0,0,0,0,0,0,0,0,0,0,0,0,0,0,0,0,0,1,6
3033,12245,5,95000,12245,8,2000,12245,10,1000,12085,1,1000,12246,5,500,12247,5,500,0,0,0,0,0,0,0,0,0,0,0,0,0,0,0,0,0,0,0,0,0,0,0,0,0,0,0,1,6
3034,12247,5,95000,12247,8,2000,12247,10,1000,12086,1,1000,12248,5,500,12249,5,500,0,0,0,0,0,0,0,0,0,0,0,0,0,0,0,0,0,0,0,0,0,0,0,0,0,0,0,1,6
3035,12249,5,95000,12249,8,2000,12249,10,1000,12086,1,1000,12250,5,500,12381,5,500,0,0,0,0,0,0,0,0,0,0,0,0,0,0,0,0,0,0,0,0,0,0,0,0,0,0,0,1,6
3036,12250,5,95000,12250,8,2000,12250,10,1000,12086,1,1000,12381,5,500,12381,8,500,0,0,0,0,0,0,0,0,0,0,0,0,0,0,0,0,0,0,0,0,0,0,0,0,0,0,0,1,6
3037,12381,5,95000,12381,8,2000,12381,10,1000,12086,1,1000,12381,13,500,12086,1,500,0,0,0,0,0,0,0,0,0,0,0,0,0,0,0,0,0,0,0,0,0,0,0,0,0,0,0,1,6
3042,12382,5,95000,12382,8,2000,12382,10,1000,12086,1,1000,12381,13,500,12086,1,500,0,0,0,0,0,0,0,0,0,0,0,0,0,0,0,0,0,0,0,0,0,0,0,0,0,0,0,1,6
3092,12243,5,95000,12243,8,2000,12243,10,1000,12083,1,1000,12244,5,500,12245,5,500,0,0,0,0,0,0,0,0,0,0,0,0,0,0,0,0,0,0,0,0,0,0,0,0,0,0,0,1,6
3093,12245,5,95000,12245,8,2000,12245,10,1000,12085,1,1000,12246,5,500,12247,5,500,0,0,0,0,0,0,0,0,0,0,0,0,0,0,0,0,0,0,0,0,0,0,0,0,0,0,0,1,6
3094,12247,5,95000,12247,8,2000,12247,10,1000,12086,1,1000,12248,5,500,12249,5,500,0,0,0,0,0,0,0,0,0,0,0,0,0,0,0,0,0,0,0,0,0,0,0,0,0,0,0,1,6
3095,12249,5,95000,12249,8,2000,12249,10,1000,12086,1,1000,12250,5,500,12381,5,500,0,0,0,0,0,0,0,0,0,0,0,0,0,0,0,0,0,0,0,0,0,0,0,0,0,0,0,1,6
3096,12250,5,95000,12250,8,2000,12250,10,1000,12086,1,1000,12381,5,500,12381,8,500,0,0,0,0,0,0,0,0,0,0,0,0,0,0,0,0,0,0,0,0,0,0,0,0,0,0,0,1,6
3097,12381,5,95000,12381,8,2000,12381,10,1000,12086,1,1000,12381,13,500,12086,1,500,0,0,0,0,0,0,0,0,0,0,0,0,0,0,0,0,0,0,0,0,0,0,0,0,0,0,0,1,6
3102,12382,5,95000,12382,8,2000,12382,10,1000,12086,1,1000,12381,13,500,12086,1,500,0,0,0,0,0,0,0,0,0,0,0,0,0,0,0,0,0,0,0,0,0,0,0,0,0,0,0,1,6
3062,12243,5,95000,12243,8,2000,12243,10,1000,12083,1,1000,12244,5,500,12245,5,500,0,0,0,0,0,0,0,0,0,0,0,0,0,0,0,0,0,0,0,0,0,0,0,0,0,0,0,1,6
3063,12245,5,95000,12245,8,2000,12245,10,1000,12085,1,1000,12246,5,500,12247,5,500,0,0,0,0,0,0,0,0,0,0,0,0,0,0,0,0,0,0,0,0,0,0,0,0,0,0,0,1,6
3064,12247,5,95000,12247,8,2000,12247,10,1000,12086,1,1000,12248,5,500,12249,5,500,0,0,0,0,0,0,0,0,0,0,0,0,0,0,0,0,0,0,0,0,0,0,0,0,0,0,0,1,6
3065,12249,5,95000,12249,8,2000,12249,10,1000,12086,1,1000,12250,5,500,12381,5,500,0,0,0,0,0,0,0,0,0,0,0,0,0,0,0,0,0,0,0,0,0,0,0,0,0,0,0,1,6
3066,12250,5,95000,12250,8,2000,12250,10,1000,12086,1,1000,12381,5,500,12381,8,500,0,0,0,0,0,0,0,0,0,0,0,0,0,0,0,0,0,0,0,0,0,0,0,0,0,0,0,1,6
3067,12381,5,95000,12381,8,2000,12381,10,1000,12086,1,1000,12381,13,500,12086,1,500,0,0,0,0,0,0,0,0,0,0,0,0,0,0,0,0,0,0,0,0,0,0,0,0,0,0,0,1,6
3072,12382,5,95000,12382,8,2000,12382,10,1000,12086,1,1000,12382,13,500,12086,1,500,0,0,0,0,0,0,0,0,0,0,0,0,0,0,0,0,0,0,0,0,0,0,0,0,0,0,0,1,6
3122,12243,5,95000,12243,8,2000,12243,10,1000,12083,1,1000,12244,5,500,12245,5,500,0,0,0,0,0,0,0,0,0,0,0,0,0,0,0,0,0,0,0,0,0,0,0,0,0,0,0,1,6
3123,12245,5,95000,12245,8,2000,12245,10,1000,12085,1,1000,12246,5,500,12247,5,500,0,0,0,0,0,0,0,0,0,0,0,0,0,0,0,0,0,0,0,0,0,0,0,0,0,0,0,1,6
3124,12247,5,95000,12247,8,2000,12247,10,1000,12086,1,1000,12248,5,500,12249,5,500,0,0,0,0,0,0,0,0,0,0,0,0,0,0,0,0,0,0,0,0,0,0,0,0,0,0,0,1,6
3125,12249,5,95000,12249,8,2000,12249,10,1000,12086,1,1000,12250,5,500,12381,5,500,0,0,0,0,0,0,0,0,0,0,0,0,0,0,0,0,0,0,0,0,0,0,0,0,0,0,0,1,6
3126,12250,5,95000,12250,8,2000,12250,10,1000,12086,1,1000,12381,5,500,12381,8,500,0,0,0,0,0,0,0,0,0,0,0,0,0,0,0,0,0,0,0,0,0,0,0,0,0,0,0,1,6
3127,12381,5,95000,12381,8,2000,12381,10,1000,12086,1,1000,12381,13,500,12086,1,500,0,0,0,0,0,0,0,0,0,0,0,0,0,0,0,0,0,0,0,0,0,0,0,0,0,0,0,1,6
3132,12382,5,95000,12382,8,2000,12382,10,1000,12086,1,1000,12382,13,500,12086,1,500,0,0,0,0,0,0,0,0,0,0,0,0,0,0,0,0,0,0,0,0,0,0,0,0,0,0,0,1,6
3006,12242,4,95000,12242,6,2000,12242,8,1000,12082,2,1000,12243,4,500,12244,4,500,0,0,0,0,0,0,0,0,0,0,0,0,0,0,0,0,0,0,0,0,0,0,0,0,0,0,0,1,6
3007,12244,4,95000,12244,6,2000,12244,8,1000,12084,2,1000,12245,4,500,12246,4,500,0,0,0,0,0,0,0,0,0,0,0,0,0,0,0,0,0,0,0,0,0,0,0,0,0,0,0,1,6
3009,12246,4,95000,12246,6,2000,12246,8,1000,12086,2,1000,12247,4,500,12248,4,500,0,0,0,0,0,0,0,0,0,0,0,0,0,0,0,0,0,0,0,0,0,0,0,0,0,0,0,1,6
3010,12248,4,95000,12248,6,2000,12248,8,1000,12086,2,1000,12249,4,500,12250,4,500,0,0,0,0,0,0,0,0,0,0,0,0,0,0,0,0,0,0,0,0,0,0,0,0,0,0,0,1,6
3011,12250,4,95000,12250,6,2000,12250,8,1000,12086,2,1000,12381,4,500,12381,6,500,0,0,0,0,0,0,0,0,0,0,0,0,0,0,0,0,0,0,0,0,0,0,0,0,0,0,0,1,6
3012,12381,4,95000,12381,6,2000,12381,8,1000,12086,2,1000,12381,10,500,12086,1,500,0,0,0,0,0,0,0,0,0,0,0,0,0,0,0,0,0,0,0,0,0,0,0,0,0,0,0,1,6
4032,12243,2,95000,12243,3,2000,12243,4,1000,12083,1,1000,12244,2,500,12245,2,500,0,0,0,0,0,0,0,0,0,0,0,0,0,0,0,0,0,0,0,0,0,0,0,0,0,0,0,1,6
4033,12245,2,95000,12245,3,2000,12245,4,1000,12085,1,1000,12246,2,500,12247,2,500,0,0,0,0,0,0,0,0,0,0,0,0,0,0,0,0,0,0,0,0,0,0,0,0,0,0,0,1,6
4034,12247,2,95000,12247,3,2000,12247,4,1000,12086,1,1000,12248,2,500,12249,2,500,0,0,0,0,0,0,0,0,0,0,0,0,0,0,0,0,0,0,0,0,0,0,0,0,0,0,0,1,6
4035,12249,2,95000,12249,3,2000,12249,4,1000,12086,1,1000,12250,2,500,12381,2,500,0,0,0,0,0,0,0,0,0,0,0,0,0,0,0,0,0,0,0,0,0,0,0,0,0,0,0,1,6
4036,12250,2,95000,12250,3,2000,12250,4,1000,12086,1,1000,12381,2,500,12381,3,500,0,0,0,0,0,0,0,0,0,0,0,0,0,0,0,0,0,0,0,0,0,0,0,0,0,0,0,1,6
4037,12381,2,95000,12381,3,2000,12381,4,1000,12086,1,1000,12381,5,500,12086,1,500,0,0,0,0,0,0,0,0,0,0,0,0,0,0,0,0,0,0,0,0,0,0,0,0,0,0,0,1,6
4042,12382,2,95000,12381,3,2000,12381,4,1000,12086,1,1000,12382,5,500,12086,1,500,0,0,0,0,0,0,0,0,0,0,0,0,0,0,0,0,0,0,0,0,0,0,0,0,0,0,0,1,6
4092,12243,2,95000,12243,3,2000,12243,4,1000,12083,1,1000,12244,2,500,12245,2,500,0,0,0,0,0,0,0,0,0,0,0,0,0,0,0,0,0,0,0,0,0,0,0,0,0,0,0,1,6
4093,12245,2,95000,12245,3,2000,12245,4,1000,12085,1,1000,12246,2,500,12247,2,500,0,0,0,0,0,0,0,0,0,0,0,0,0,0,0,0,0,0,0,0,0,0,0,0,0,0,0,1,6
4094,12247,2,95000,12247,3,2000,12247,4,1000,12086,1,1000,12248,2,500,12249,2,500,0,0,0,0,0,0,0,0,0,0,0,0,0,0,0,0,0,0,0,0,0,0,0,0,0,0,0,1,6
4095,12249,2,95000,12249,3,2000,12249,4,1000,12086,1,1000,12250,2,500,12381,2,500,0,0,0,0,0,0,0,0,0,0,0,0,0,0,0,0,0,0,0,0,0,0,0,0,0,0,0,1,6
4096,12250,2,95000,12250,3,2000,12250,4,1000,12086,1,1000,12381,2,500,12381,3,500,0,0,0,0,0,0,0,0,0,0,0,0,0,0,0,0,0,0,0,0,0,0,0,0,0,0,0,1,6
4097,12381,2,95000,12381,3,2000,12381,4,1000,12086,1,1000,12381,5,500,12086,1,500,0,0,0,0,0,0,0,0,0,0,0,0,0,0,0,0,0,0,0,0,0,0,0,0,0,0,0,1,6
4102,12382,2,95000,12382,3,2000,12382,4,1000,12086,1,1000,12382,5,500,12086,1,500,0,0,0,0,0,0,0,0,0,0,0,0,0,0,0,0,0,0,0,0,0,0,0,0,0,0,0,1,6
4062,12243,2,95000,12243,3,2000,12243,4,1000,12083,1,1000,12244,2,500,12245,2,500,0,0,0,0,0,0,0,0,0,0,0,0,0,0,0,0,0,0,0,0,0,0,0,0,0,0,0,1,6
4063,12245,2,95000,12245,3,2000,12245,4,1000,12085,1,1000,12246,2,500,12247,2,500,0,0,0,0,0,0,0,0,0,0,0,0,0,0,0,0,0,0,0,0,0,0,0,0,0,0,0,1,6
4064,12247,2,95000,12247,3,2000,12247,4,1000,12086,1,1000,12248,2,500,12249,2,500,0,0,0,0,0,0,0,0,0,0,0,0,0,0,0,0,0,0,0,0,0,0,0,0,0,0,0,1,6
4065,12249,2,95000,12249,3,2000,12249,4,1000,12086,1,1000,12250,2,500,12381,2,500,0,0,0,0,0,0,0,0,0,0,0,0,0,0,0,0,0,0,0,0,0,0,0,0,0,0,0,1,6
4066,12250,2,95000,12250,3,2000,12250,4,1000,12086,1,1000,12381,2,500,12381,3,500,0,0,0,0,0,0,0,0,0,0,0,0,0,0,0,0,0,0,0,0,0,0,0,0,0,0,0,1,6
4067,12381,2,95000,12381,3,2000,12381,4,1000,12086,1,1000,12381,5,500,12086,1,500,0,0,0,0,0,0,0,0,0,0,0,0,0,0,0,0,0,0,0,0,0,0,0,0,0,0,0,1,6
4072,12382,2,95000,12382,3,2000,12382,4,1000,12086,1,1000,12382,5,500,12086,1,500,0,0,0,0,0,0,0,0,0,0,0,0,0,0,0,0,0,0,0,0,0,0,0,0,0,0,0,1,6
4122,12243,2,95000,12243,3,2000,12243,4,1000,12083,1,1000,12244,2,500,12245,2,500,0,0,0,0,0,0,0,0,0,0,0,0,0,0,0,0,0,0,0,0,0,0,0,0,0,0,0,1,6
4123,12245,2,95000,12245,3,2000,12245,4,1000,12085,1,1000,12246,2,500,12247,2,500,0,0,0,0,0,0,0,0,0,0,0,0,0,0,0,0,0,0,0,0,0,0,0,0,0,0,0,1,6
4124,12247,2,95000,12247,3,2000,12247,4,1000,12086,1,1000,12248,2,500,12249,2,500,0,0,0,0,0,0,0,0,0,0,0,0,0,0,0,0,0,0,0,0,0,0,0,0,0,0,0,1,6
4125,12249,2,95000,12249,3,2000,12249,4,1000,12086,1,1000,12250,2,500,12381,2,500,0,0,0,0,0,0,0,0,0,0,0,0,0,0,0,0,0,0,0,0,0,0,0,0,0,0,0,1,6
4126,12250,2,95000,12250,3,2000,12250,4,1000,12086,1,1000,12381,2,500,12381,3,500,0,0,0,0,0,0,0,0,0,0,0,0,0,0,0,0,0,0,0,0,0,0,0,0,0,0,0,1,6
4127,12381,2,95000,12381,3,2000,12381,4,1000,12086,1,1000,12381,5,500,12086,1,500,0,0,0,0,0,0,0,0,0,0,0,0,0,0,0,0,0,0,0,0,0,0,0,0,0,0,0,1,6
4132,12382,2,95000,12382,3,2000,12382,4,1000,12086,1,1000,12382,5,500,12086,1,500,0,0,0,0,0,0,0,0,0,0,0,0,0,0,0,0,0,0,0,0,0,0,0,0,0,0,0,1,6
4007,12242,2,95000,12242,3,2000,12242,4,1000,12082,1,1000,12243,2,500,12244,2,500,0,0,0,0,0,0,0,0,0,0,0,0,0,0,0,0,0,0,0,0,0,0,0,0,0,0,0,1,6
4008,12244,2,95000,12244,3,2000,12244,4,1000,12084,1,1000,12245,2,500,12246,2,500,0,0,0,0,0,0,0,0,0,0,0,0,0,0,0,0,0,0,0,0,0,0,0,0,0,0,0,1,6
4009,12246,2,95000,12246,3,2000,12246,4,1000,12086,1,1000,12247,2,500,12248,2,500,0,0,0,0,0,0,0,0,0,0,0,0,0,0,0,0,0,0,0,0,0,0,0,0,0,0,0,1,6
4010,12248,2,95000,12248,3,2000,12248,4,1000,12086,1,1000,12249,2,500,12250,2,500,0,0,0,0,0,0,0,0,0,0,0,0,0,0,0,0,0,0,0,0,0,0,0,0,0,0,0,1,6
4011,12250,2,95000,12250,3,2000,12250,4,1000,12086,1,1000,12381,2,500,12381,3,500,0,0,0,0,0,0,0,0,0,0,0,0,0,0,0,0,0,0,0,0,0,0,0,0,0,0,0,1,6
4012,12381,2,95000,12381,3,2000,12381,4,1000,12086,1,1000,12381,5,500,12086,1,500,0,0,0,0,0,0,0,0,0,0,0,0,0,0,0,0,0,0,0,0,0,0,0,0,0,0,0,1,6
5032,12243,2,95000,12243,3,2000,12243,4,1000,12083,1,1000,12244,2,500,12245,2,500,0,0,0,0,0,0,0,0,0,0,0,0,0,0,0,0,0,0,0,0,0,0,0,0,0,0,0,1,6
5033,12245,2,95000,12245,3,2000,12245,4,1000,12085,1,1000,12246,2,500,12247,2,500,0,0,0,0,0,0,0,0,0,0,0,0,0,0,0,0,0,0,0,0,0,0,0,0,0,0,0,1,6
5034,12247,2,95000,12247,3,2000,12247,4,1000,12086,1,1000,12248,2,500,12249,2,500,0,0,0,0,0,0,0,0,0,0,0,0,0,0,0,0,0,0,0,0,0,0,0,0,0,0,0,1,6
5035,12249,2,95000,12249,3,2000,12249,4,1000,12086,1,1000,12250,2,500,12381,2,500,0,0,0,0,0,0,0,0,0,0,0,0,0,0,0,0,0,0,0,0,0,0,0,0,0,0,0,1,6
5036,12250,2,95000,12250,3,2000,12250,4,1000,12086,1,1000,12381,2,500,12381,3,500,0,0,0,0,0,0,0,0,0,0,0,0,0,0,0,0,0,0,0,0,0,0,0,0,0,0,0,1,6
5037,12381,2,95000,12381,3,2000,12381,4,1000,12086,1,1000,12381,5,500,12086,1,500,0,0,0,0,0,0,0,0,0,0,0,0,0,0,0,0,0,0,0,0,0,0,0,0,0,0,0,1,6
5042,12382,2,95000,12382,3,200,12382,4,1000,12086,1,1000,12382,5,500,12086,1,500,0,0,0,0,0,0,0,0,0,0,0,0,0,0,0,0,0,0,0,0,0,0,0,0,0,0,0,1,6
5092,12243,2,95000,12243,3,2000,12243,4,1000,12083,1,1000,12244,2,500,12245,2,500,0,0,0,0,0,0,0,0,0,0,0,0,0,0,0,0,0,0,0,0,0,0,0,0,0,0,0,1,6
5093,12245,2,95000,12245,3,2000,12245,4,1000,12085,1,1000,12246,2,500,12247,2,500,0,0,0,0,0,0,0,0,0,0,0,0,0,0,0,0,0,0,0,0,0,0,0,0,0,0,0,1,6
5094,12247,2,95000,12247,3,2000,12247,4,1000,12086,1,1000,12248,2,500,12249,2,500,0,0,0,0,0,0,0,0,0,0,0,0,0,0,0,0,0,0,0,0,0,0,0,0,0,0,0,1,6
5095,12249,2,95000,12249,3,2000,12249,4,1000,12086,1,1000,12250,2,500,12381,2,500,0,0,0,0,0,0,0,0,0,0,0,0,0,0,0,0,0,0,0,0,0,0,0,0,0,0,0,1,6
5096,12250,2,95000,12250,3,2000,12250,4,1000,12086,1,1000,12381,2,500,12381,3,500,0,0,0,0,0,0,0,0,0,0,0,0,0,0,0,0,0,0,0,0,0,0,0,0,0,0,0,1,6
5097,12381,2,95000,12381,3,2000,12381,4,1000,12086,1,1000,12381,5,500,12086,1,500,0,0,0,0,0,0,0,0,0,0,0,0,0,0,0,0,0,0,0,0,0,0,0,0,0,0,0,1,6
5102,12382,2,95000,12382,3,2000,12382,4,1000,12086,1,1000,12381,5,500,12086,1,500,0,0,0,0,0,0,0,0,0,0,0,0,0,0,0,0,0,0,0,0,0,0,0,0,0,0,0,1,6
5062,12243,2,95000,12243,3,2000,12243,4,1000,12083,1,1000,12244,2,500,12245,2,500,0,0,0,0,0,0,0,0,0,0,0,0,0,0,0,0,0,0,0,0,0,0,0,0,0,0,0,1,6
5063,12245,2,95000,12245,3,2000,12245,4,1000,12085,1,1000,12246,2,500,12247,2,500,0,0,0,0,0,0,0,0,0,0,0,0,0,0,0,0,0,0,0,0,0,0,0,0,0,0,0,1,6
5064,12247,2,95000,12247,3,2000,12247,4,1000,12086,1,1000,12248,2,500,12249,2,500,0,0,0,0,0,0,0,0,0,0,0,0,0,0,0,0,0,0,0,0,0,0,0,0,0,0,0,1,6
5065,12249,2,95000,12249,3,2000,12249,4,1000,12086,1,1000,12250,2,500,12381,2,500,0,0,0,0,0,0,0,0,0,0,0,0,0,0,0,0,0,0,0,0,0,0,0,0,0,0,0,1,6
5066,12250,2,95000,12250,3,2000,12250,4,1000,12086,1,1000,12381,2,500,12381,3,500,0,0,0,0,0,0,0,0,0,0,0,0,0,0,0,0,0,0,0,0,0,0,0,0,0,0,0,1,6
5067,12381,2,95000,12381,3,2000,12381,4,1000,12086,1,1000,12381,5,500,12086,1,500,0,0,0,0,0,0,0,0,0,0,0,0,0,0,0,0,0,0,0,0,0,0,0,0,0,0,0,1,6
5072,12382,2,95000,12381,3,2000,12382,4,1000,12086,1,1000,12382,5,500,12086,1,500,0,0,0,0,0,0,0,0,0,0,0,0,0,0,0,0,0,0,0,0,0,0,0,0,0,0,0,1,6
5122,12243,2,95000,12243,3,2000,12243,4,1000,12083,1,1000,12244,2,500,12245,2,500,0,0,0,0,0,0,0,0,0,0,0,0,0,0,0,0,0,0,0,0,0,0,0,0,0,0,0,1,6
5123,12245,2,95000,12245,3,2000,12245,4,1000,12085,1,1000,12246,2,500,12247,2,500,0,0,0,0,0,0,0,0,0,0,0,0,0,0,0,0,0,0,0,0,0,0,0,0,0,0,0,1,6
5124,12247,2,95000,12247,3,2000,12247,4,1000,12086,1,1000,12248,2,500,12249,2,500,0,0,0,0,0,0,0,0,0,0,0,0,0,0,0,0,0,0,0,0,0,0,0,0,0,0,0,1,6
5125,12249,2,95000,12249,3,2000,12249,4,1000,12086,1,1000,12250,2,500,12381,2,500,0,0,0,0,0,0,0,0,0,0,0,0,0,0,0,0,0,0,0,0,0,0,0,0,0,0,0,1,6
5126,12250,2,95000,12250,3,2000,12250,4,1000,12086,1,1000,12381,2,500,12381,3,500,0,0,0,0,0,0,0,0,0,0,0,0,0,0,0,0,0,0,0,0,0,0,0,0,0,0,0,1,6
5127,12381,2,95000,12381,3,2000,12381,4,1000,12086,1,1000,12381,5,500,12086,1,500,0,0,0,0,0,0,0,0,0,0,0,0,0,0,0,0,0,0,0,0,0,0,0,0,0,0,0,1,6
5132,12382,2,95000,12382,3,2000,12382,4,1000,12086,1,1000,12382,5,500,12086,1,500,0,0,0,0,0,0,0,0,0,0,0,0,0,0,0,0,0,0,0,0,0,0,0,0,0,0,0,1,6
5007,12242,2,95000,12242,3,2000,12242,4,1000,12082,1,1000,12243,2,500,12244,2,500,0,0,0,0,0,0,0,0,0,0,0,0,0,0,0,0,0,0,0,0,0,0,0,0,0,0,0,1,6
5008,12244,2,95000,12244,3,2000,12244,4,1000,12084,1,1000,12245,2,500,12246,2,500,0,0,0,0,0,0,0,0,0,0,0,0,0,0,0,0,0,0,0,0,0,0,0,0,0,0,0,1,6
5009,12246,2,95000,12246,3,2000,12246,4,1000,12086,1,1000,12247,2,500,12248,2,500,0,0,0,0,0,0,0,0,0,0,0,0,0,0,0,0,0,0,0,0,0,0,0,0,0,0,0,1,6
5010,12248,2,95000,12248,3,2000,12248,4,1000,12086,1,1000,12249,2,500,12250,2,500,0,0,0,0,0,0,0,0,0,0,0,0,0,0,0,0,0,0,0,0,0,0,0,0,0,0,0,1,6
5011,12250,2,95000,12250,3,2000,12250,4,1000,12086,1,1000,12381,2,500,12381,3,500,0,0,0,0,0,0,0,0,0,0,0,0,0,0,0,0,0,0,0,0,0,0,0,0,0,0,0,1,6
5012,12381,2,95000,12381,3,2000,12381,4,1000,12086,1,1000,12381,5,500,12086,1,500,0,0,0,0,0,0,0,0,0,0,0,0,0,0,0,0,0,0,0,0,0,0,0,0,0,0,0,1,6
8004,12242,6,95000,12242,9,2000,12242,12,1000,12072,1,1000,12243,6,500,12244,6,500,0,0,0,0,0,0,0,0,0,0,0,0,0,0,0,0,0,0,0,0,0,0,0,0,0,0,0,1,6
8005,12243,6,95000,12243,9,2000,12243,12,1000,12073,1,1000,12244,6,500,12245,6,500,0,0,0,0,0,0,0,0,0,0,0,0,0,0,0,0,0,0,0,0,0,0,0,0,0,0,0,1,6
8006,12244,6,95000,12244,9,2000,12244,12,1000,12074,1,1000,12245,6,500,12246,6,500,0,0,0,0,0,0,0,0,0,0,0,0,0,0,0,0,0,0,0,0,0,0,0,0,0,0,0,1,6
8007,12245,6,95000,12245,9,2000,12245,12,1000,12075,1,1000,12246,6,500,12247,6,500,0,0,0,0,0,0,0,0,0,0,0,0,0,0,0,0,0,0,0,0,0,0,0,0,0,0,0,1,6
8008,12246,6,95000,12246,9,2000,12246,12,1000,12076,1,1000,12247,6,500,12248,6,500,0,0,0,0,0,0,0,0,0,0,0,0,0,0,0,0,0,0,0,0,0,0,0,0,0,0,0,1,6
8009,12247,6,95000,12247,9,2000,12247,12,1000,12076,1,1000,12248,6,500,12249,6,500,0,0,0,0,0,0,0,0,0,0,0,0,0,0,0,0,0,0,0,0,0,0,0,0,0,0,0,1,6
8010,12248,6,95000,12248,9,2000,12248,12,1000,12076,1,1000,12249,6,500,12250,6,500,0,0,0,0,0,0,0,0,0,0,0,0,0,0,0,0,0,0,0,0,0,0,0,0,0,0,0,1,6
8011,12249,6,95000,12249,9,2000,12249,12,1000,12076,1,1000,12250,6,500,12381,6,500,0,0,0,0,0,0,0,0,0,0,0,0,0,0,0,0,0,0,0,0,0,0,0,0,0,0,0,1,6
8012,12250,6,95000,12250,9,2000,12250,12,1000,12076,1,1000,12381,6,500,12382,6,500,0,0,0,0,0,0,0,0,0,0,0,0,0,0,0,0,0,0,0,0,0,0,0,0,0,0,0,1,6
8013,12381,6,95000,12381,9,2000,12381,12,1000,12076,1,1000,12382,6,500,12383,6,500,0,0,0,0,0,0,0,0,0,0,0,0,0,0,0,0,0,0,0,0,0,0,0,0,0,0,0,1,6
8014,12382,6,95000,12382,9,2000,12382,12,1000,12076,1,1000,12382,6,500,12384,6,500,0,0,0,0,0,0,0,0,0,0,0,0,0,0,0,0,0,0,0,0,0,0,0,0,0,0,0,1,6
8015,12383,6,95000,12383,9,2000,12383,12,1000,12076,1,1000,12384,6,500,12385,6,500,0,0,0,0,0,0,0,0,0,0,0,0,0,0,0,0,0,0,0,0,0,0,0,0,0,0,0,1,6
8016,12384,6,95000,12384,9,2000,12384,12,1000,12076,1,1000,12383,6,500,12386,6,500,0,0,0,0,0,0,0,0,0,0,0,0,0,0,0,0,0,0,0,0,0,0,0,0,0,0,0,1,6
8017,12385,6,95000,12385,9,2000,12385,12,1000,12076,1,1000,12386,6,500,12387,6,500,0,0,0,0,0,0,0,0,0,0,0,0,0,0,0,0,0,0,0,0,0,0,0,0,0,0,0,1,6
8018,12386,6,95000,12386,9,2000,12386,12,1000,12076,1,1000,12384,6,500,12388,6,500,0,0,0,0,0,0,0,0,0,0,0,0,0,0,0,0,0,0,0,0,0,0,0,0,0,0,0,1,6
8019,12387,6,95000,12387,9,2000,12387,12,1000,12076,1,1000,12388,6,500,12389,6,500,0,0,0,0,0,0,0,0,0,0,0,0,0,0,0,0,0,0,0,0,0,0,0,0,0,0,0,1,6
8020,12388,6,95000,12388,9,2000,12388,12,1000,12076,1,1000,12385,6,500,12390,6,500,0,0,0,0,0,0,0,0,0,0,0,0,0,0,0,0,0,0,0,0,0,0,0,0,0,0,0,1,6
8021,12389,6,95000,12389,9,2000,12389,12,1000,12076,1,1000,12390,6,500,12390,6,500,0,0,0,0,0,0,0,0,0,0,0,0,0,0,0,0,0,0,0,0,0,0,0,0,0,0,0,1,6
8103,12243,7,95000,12243,11,2000,12243,14,1000,12073,1,1000,12244,7,500,12245,7,500,0,0,0,0,0,0,0,0,0,0,0,0,0,0,0,0,0,0,0,0,0,0,0,0,0,0,0,1,6
8104,12244,7,95000,12244,11,2000,12244,14,1000,12074,1,1000,12245,7,500,12246,7,500,0,0,0,0,0,0,0,0,0,0,0,0,0,0,0,0,0,0,0,0,0,0,0,0,0,0,0,1,6
8105,12245,7,95000,12245,11,2000,12245,14,1000,12075,1,1000,12246,7,500,12247,7,500,0,0,0,0,0,0,0,0,0,0,0,0,0,0,0,0,0,0,0,0,0,0,0,0,0,0,0,1,6
8106,12246,7,95000,12246,11,2000,12246,14,1000,12076,1,1000,12247,7,500,12248,7,500,0,0,0,0,0,0,0,0,0,0,0,0,0,0,0,0,0,0,0,0,0,0,0,0,0,0,0,1,6
8107,12247,7,95000,12247,11,2000,12247,14,1000,12076,1,1000,12248,7,500,12249,7,500,0,0,0,0,0,0,0,0,0,0,0,0,0,0,0,0,0,0,0,0,0,0,0,0,0,0,0,1,6
8108,12248,7,95000,12248,11,2000,12248,14,1000,12076,1,1000,12249,7,500,12250,7,500,0,0,0,0,0,0,0,0,0,0,0,0,0,0,0,0,0,0,0,0,0,0,0,0,0,0,0,1,6
8109,12249,7,95000,12249,11,2000,12249,14,1000,12076,1,1000,12250,7,500,12381,7,500,0,0,0,0,0,0,0,0,0,0,0,0,0,0,0,0,0,0,0,0,0,0,0,0,0,0,0,1,6
8110,12250,7,95000,12250,11,2000,12250,14,1000,12076,1,1000,12381,7,500,12382,7,500,0,0,0,0,0,0,0,0,0,0,0,0,0,0,0,0,0,0,0,0,0,0,0,0,0,0,0,1,6
8111,12381,7,95000,12381,11,2000,12381,14,1000,12076,1,1000,12382,7,500,12383,7,500,0,0,0,0,0,0,0,0,0,0,0,0,0,0,0,0,0,0,0,0,0,0,0,0,0,0,0,1,6
8112,12382,7,95000,12382,11,2000,12382,14,1000,12076,1,1000,12383,7,500,12384,7,500,0,0,0,0,0,0,0,0,0,0,0,0,0,0,0,0,0,0,0,0,0,0,0,0,0,0,0,1,6
8113,12383,7,95000,12383,11,2000,12383,14,1000,12076,1,1000,12384,7,500,12385,7,500,0,0,0,0,0,0,0,0,0,0,0,0,0,0,0,0,0,0,0,0,0,0,0,0,0,0,0,1,6
8114,12384,7,95000,12384,11,2000,12384,14,1000,12076,1,1000,12384,7,500,12386,7,500,0,0,0,0,0,0,0,0,0,0,0,0,0,0,0,0,0,0,0,0,0,0,0,0,0,0,0,1,6
8115,12385,7,95000,12385,11,2000,12385,14,1000,12076,1,1000,12386,7,500,12387,7,500,0,0,0,0,0,0,0,0,0,0,0,0,0,0,0,0,0,0,0,0,0,0,0,0,0,0,0,1,6
8116,12386,7,95000,12386,11,2000,12386,14,1000,12076,1,1000,12385,7,500,12388,7,500,0,0,0,0,0,0,0,0,0,0,0,0,0,0,0,0,0,0,0,0,0,0,0,0,0,0,0,1,6
8117,12387,7,95000,12387,11,2000,12387,14,1000,12076,1,1000,12388,7,500,12389,7,500,0,0,0,0,0,0,0,0,0,0,0,0,0,0,0,0,0,0,0,0,0,0,0,0,0,0,0,1,6
8118,12388,7,95000,12388,11,2000,12388,14,1000,12076,1,1000,12386,7,500,12390,7,500,0,0,0,0,0,0,0,0,0,0,0,0,0,0,0,0,0,0,0,0,0,0,0,0,0,0,0,1,6
8119,12389,7,95000,12389,11,2000,12389,14,1000,12076,1,1000,12390,7,500,12390,7,500,0,0,0,0,0,0,0,0,0,0,0,0,0,0,0,0,0,0,0,0,0,0,0,0,0,0,0,1,6
8033,12242,7,95000,12242,11,2000,12242,14,1000,12072,1,1000,12243,7,500,12244,7,500,0,0,0,0,0,0,0,0,0,0,0,0,0,0,0,0,0,0,0,0,0,0,0,0,0,0,0,1,6
8034,12243,7,95000,12243,11,2000,12243,14,1000,12073,1,1000,12244,7,500,12245,7,500,0,0,0,0,0,0,0,0,0,0,0,0,0,0,0,0,0,0,0,0,0,0,0,0,0,0,0,1,6
8035,12244,7,95000,12244,11,2000,12244,14,1000,12074,1,1000,12245,7,500,12246,7,500,0,0,0,0,0,0,0,0,0,0,0,0,0,0,0,0,0,0,0,0,0,0,0,0,0,0,0,1,6
8036,12245,7,95000,12245,11,2000,12245,14,1000,12075,1,1000,12246,7,500,12247,7,500,0,0,0,0,0,0,0,0,0,0,0,0,0,0,0,0,0,0,0,0,0,0,0,0,0,0,0,1,6
8037,12246,7,95000,12246,11,2000,12246,14,1000,12076,1,1000,12247,7,500,12248,7,500,0,0,0,0,0,0,0,0,0,0,0,0,0,0,0,0,0,0,0,0,0,0,0,0,0,0,0,1,6
8038,12247,7,95000,12247,11,2000,12247,14,1000,12076,1,1000,12248,7,500,12249,7,500,0,0,0,0,0,0,0,0,0,0,0,0,0,0,0,0,0,0,0,0,0,0,0,0,0,0,0,1,6
8039,12248,7,95000,12248,11,2000,12248,14,1000,12076,1,1000,12249,7,500,12250,7,500,0,0,0,0,0,0,0,0,0,0,0,0,0,0,0,0,0,0,0,0,0,0,0,0,0,0,0,1,6
8040,12249,7,95000,12249,11,2000,12249,14,1000,12076,1,1000,12250,7,500,12381,7,500,0,0,0,0,0,0,0,0,0,0,0,0,0,0,0,0,0,0,0,0,0,0,0,0,0,0,0,1,6
8041,12250,7,95000,12250,11,2000,12250,14,1000,12076,1,1000,12381,7,500,12382,7,500,0,0,0,0,0,0,0,0,0,0,0,0,0,0,0,0,0,0,0,0,0,0,0,0,0,0,0,1,6
8042,12381,7,95000,12381,11,2000,12381,14,1000,12076,1,1000,12382,7,500,12383,7,500,0,0,0,0,0,0,0,0,0,0,0,0,0,0,0,0,0,0,0,0,0,0,0,0,0,0,0,1,6
8043,12382,7,95000,12382,11,2000,12382,14,1000,12076,1,1000,12383,7,500,12384,7,500,0,0,0,0,0,0,0,0,0,0,0,0,0,0,0,0,0,0,0,0,0,0,0,0,0,0,0,1,6
8044,12383,7,95000,12383,11,2000,12383,14,1000,12076,1,1000,12384,7,500,12385,7,500,0,0,0,0,0,0,0,0,0,0,0,0,0,0,0,0,0,0,0,0,0,0,0,0,0,0,0,1,6
8045,12384,7,95000,12384,11,2000,12384,14,1000,12076,1,1000,12385,7,500,12386,7,500,0,0,0,0,0,0,0,0,0,0,0,0,0,0,0,0,0,0,0,0,0,0,0,0,0,0,0,1,6
8046,12385,7,95000,12385,11,2000,12385,14,1000,12076,1,1000,12386,7,500,12387,7,500,0,0,0,0,0,0,0,0,0,0,0,0,0,0,0,0,0,0,0,0,0,0,0,0,0,0,0,1,6
8047,12386,7,95000,12386,11,2000,12386,14,1000,12076,1,1000,12387,7,500,12388,7,500,0,0,0,0,0,0,0,0,0,0,0,0,0,0,0,0,0,0,0,0,0,0,0,0,0,0,0,1,6
8048,12387,7,95000,12387,11,2000,12387,14,1000,12076,1,1000,12388,7,500,12389,7,500,0,0,0,0,0,0,0,0,0,0,0,0,0,0,0,0,0,0,0,0,0,0,0,0,0,0,0,1,6
8049,12388,7,95000,12388,11,2000,12388,14,1000,12076,1,1000,12389,7,500,12390,7,500,0,0,0,0,0,0,0,0,0,0,0,0,0,0,0,0,0,0,0,0,0,0,0,0,0,0,0,1,6
8050,12389,7,95000,12389,11,2000,12389,14,1000,12076,1,1000,12390,7,500,12390,7,500,0,0,0,0,0,0,0,0,0,0,0,0,0,0,0,0,0,0,0,0,0,0,0,0,0,0,0,1,6
8132,12242,9,95000,12242,14,2000,12242,18,1000,12072,1,1000,12243,9,500,12244,9,500,0,0,0,0,0,0,0,0,0,0,0,0,0,0,0,0,0,0,0,0,0,0,0,0,0,0,0,1,6
8133,12243,9,95000,12243,14,2000,12243,18,1000,12073,1,1000,12244,9,500,12245,9,500,0,0,0,0,0,0,0,0,0,0,0,0,0,0,0,0,0,0,0,0,0,0,0,0,0,0,0,1,6
8134,12244,9,95000,12244,14,2000,12244,18,1000,12074,1,1000,12245,9,500,12246,9,500,0,0,0,0,0,0,0,0,0,0,0,0,0,0,0,0,0,0,0,0,0,0,0,0,0,0,0,1,6
8135,12245,9,95000,12245,14,2000,12245,18,1000,12075,1,1000,12246,9,500,12247,9,500,0,0,0,0,0,0,0,0,0,0,0,0,0,0,0,0,0,0,0,0,0,0,0,0,0,0,0,1,6
8136,12246,9,95000,12246,14,2000,12246,18,1000,12076,1,1000,12247,9,500,12248,9,500,0,0,0,0,0,0,0,0,0,0,0,0,0,0,0,0,0,0,0,0,0,0,0,0,0,0,0,1,6
8137,12247,9,95000,12247,14,2000,12247,18,1000,12076,1,1000,12248,9,500,12249,9,500,0,0,0,0,0,0,0,0,0,0,0,0,0,0,0,0,0,0,0,0,0,0,0,0,0,0,0,1,6
8138,12248,9,95000,12248,14,2000,12248,18,1000,12076,1,1000,12249,9,500,12250,9,500,0,0,0,0,0,0,0,0,0,0,0,0,0,0,0,0,0,0,0,0,0,0,0,0,0,0,0,1,6
8139,12249,9,95000,12249,14,2000,12249,18,1000,12076,1,1000,12250,9,500,12381,9,500,0,0,0,0,0,0,0,0,0,0,0,0,0,0,0,0,0,0,0,0,0,0,0,0,0,0,0,1,6
8140,12250,9,95000,12250,14,2000,12250,18,1000,12076,1,1000,12381,9,500,12382,9,500,0,0,0,0,0,0,0,0,0,0,0,0,0,0,0,0,0,0,0,0,0,0,0,0,0,0,0,1,6
8141,12381,9,95000,12381,14,2000,12381,18,1000,12076,1,1000,12382,9,500,12383,9,500,0,0,0,0,0,0,0,0,0,0,0,0,0,0,0,0,0,0,0,0,0,0,0,0,0,0,0,1,6
8142,12382,9,95000,12382,14,2000,12382,18,1000,12076,1,1000,12383,9,500,12384,9,500,0,0,0,0,0,0,0,0,0,0,0,0,0,0,0,0,0,0,0,0,0,0,0,0,0,0,0,1,6
8143,12383,9,95000,12383,14,2000,12383,18,1000,12076,1,1000,12384,9,500,12385,9,500,0,0,0,0,0,0,0,0,0,0,0,0,0,0,0,0,0,0,0,0,0,0,0,0,0,0,0,1,6
8144,12384,9,95000,12384,14,2000,12384,18,1000,12076,1,1000,12385,9,500,12386,9,500,0,0,0,0,0,0,0,0,0,0,0,0,0,0,0,0,0,0,0,0,0,0,0,0,0,0,0,1,6
8145,12385,9,95000,12385,14,2000,12385,18,1000,12076,1,1000,12386,9,500,12387,9,500,0,0,0,0,0,0,0,0,0,0,0,0,0,0,0,0,0,0,0,0,0,0,0,0,0,0,0,1,6
8146,12386,9,95000,12386,14,2000,12386,18,1000,12076,1,1000,12387,9,500,12388,9,500,0,0,0,0,0,0,0,0,0,0,0,0,0,0,0,0,0,0,0,0,0,0,0,0,0,0,0,1,6
8147,12387,9,95000,12387,14,2000,12387,18,1000,12076,1,1000,12388,9,500,12389,9,500,0,0,0,0,0,0,0,0,0,0,0,0,0,0,0,0,0,0,0,0,0,0,0,0,0,0,0,1,6
8148,12388,9,95000,12388,14,2000,12388,18,1000,12076,1,1000,12389,9,500,12390,9,500,0,0,0,0,0,0,0,0,0,0,0,0,0,0,0,0,0,0,0,0,0,0,0,0,0,0,0,1,6
8163,12242,8,95000,12242,12,2000,12242,16,1000,12072,1,1000,12243,8,500,12244,8,500,0,0,0,0,0,0,0,0,0,0,0,0,0,0,0,0,0,0,0,0,0,0,0,0,0,0,0,1,6
8164,12243,8,95000,12243,12,2000,12243,16,1000,12073,1,1000,12244,8,500,12245,8,500,0,0,0,0,0,0,0,0,0,0,0,0,0,0,0,0,0,0,0,0,0,0,0,0,0,0,0,1,6
8165,12244,8,95000,12244,12,2000,12244,16,1000,12074,1,1000,12245,8,500,12246,8,500,0,0,0,0,0,0,0,0,0,0,0,0,0,0,0,0,0,0,0,0,0,0,0,0,0,0,0,1,6
8166,12245,8,95000,12245,12,2000,12245,16,1000,12075,1,1000,12246,8,500,12247,8,500,0,0,0,0,0,0,0,0,0,0,0,0,0,0,0,0,0,0,0,0,0,0,0,0,0,0,0,1,6
8167,12246,8,95000,12246,12,2000,12246,16,1000,12076,1,1000,12247,8,500,12248,8,500,0,0,0,0,0,0,0,0,0,0,0,0,0,0,0,0,0,0,0,0,0,0,0,0,0,0,0,1,6
8168,12247,8,95000,12247,12,2000,12247,16,1000,12076,1,1000,12248,8,500,12249,8,500,0,0,0,0,0,0,0,0,0,0,0,0,0,0,0,0,0,0,0,0,0,0,0,0,0,0,0,1,6
8169,12248,8,95000,12248,12,2000,12248,16,1000,12076,1,1000,12249,8,500,12250,8,500,0,0,0,0,0,0,0,0,0,0,0,0,0,0,0,0,0,0,0,0,0,0,0,0,0,0,0,1,6
8170,12249,8,95000,12249,12,2000,12249,16,1000,12076,1,1000,12250,8,500,12381,8,500,0,0,0,0,0,0,0,0,0,0,0,0,0,0,0,0,0,0,0,0,0,0,0,0,0,0,0,1,6
8171,12250,8,95000,12250,12,2000,12250,16,1000,12076,1,1000,12381,8,500,12382,8,500,0,0,0,0,0,0,0,0,0,0,0,0,0,0,0,0,0,0,0,0,0,0,0,0,0,0,0,1,6
8172,12381,8,95000,12381,12,2000,12381,16,1000,12076,1,1000,12382,8,500,12383,8,500,0,0,0,0,0,0,0,0,0,0,0,0,0,0,0,0,0,0,0,0,0,0,0,0,0,0,0,1,6
8173,12382,8,95000,12382,12,2000,12382,16,1000,12076,1,1000,12383,8,500,12384,8,500,0,0,0,0,0,0,0,0,0,0,0,0,0,0,0,0,0,0,0,0,0,0,0,0,0,0,0,1,6
8174,12383,8,95000,12383,12,2000,12383,16,1000,12076,1,1000,12384,8,500,12385,8,500,0,0,0,0,0,0,0,0,0,0,0,0,0,0,0,0,0,0,0,0,0,0,0,0,0,0,0,1,6
8175,12384,8,95000,12384,12,2000,12384,16,1000,12076,1,1000,12385,8,500,12386,8,500,0,0,0,0,0,0,0,0,0,0,0,0,0,0,0,0,0,0,0,0,0,0,0,0,0,0,0,1,6
8176,12385,8,95000,12385,12,2000,12385,16,1000,12076,1,1000,12386,8,500,12387,8,500,0,0,0,0,0,0,0,0,0,0,0,0,0,0,0,0,0,0,0,0,0,0,0,0,0,0,0,1,6
8177,12386,8,95000,12386,12,2000,12386,16,1000,12076,1,1000,12387,8,500,12388,8,500,0,0,0,0,0,0,0,0,0,0,0,0,0,0,0,0,0,0,0,0,0,0,0,0,0,0,0,1,6
8178,12387,8,95000,12387,12,2000,12387,16,1000,12076,1,1000,12388,8,500,12389,8,500,0,0,0,0,0,0,0,0,0,0,0,0,0,0,0,0,0,0,0,0,0,0,0,0,0,0,0,1,6
8179,12388,8,95000,12388,12,2000,12388,16,1000,12076,1,1000,12389,8,500,12390,8,500,0,0,0,0,0,0,0,0,0,0,0,0,0,0,0,0,0,0,0,0,0,0,0,0,0,0,0,1,6
8180,12389,8,95000,12389,12,2000,12389,16,1000,12076,1,1000,12390,8,500,12390,8,500,0,0,0,0,0,0,0,0,0,0,0,0,0,0,0,0,0,0,0,0,0,0,0,0,0,0,0,1,6
8203,12242,7,95000,12242,11,2000,12242,14,1000,12072,1,1000,12243,7,500,12244,7,500,0,0,0,0,0,0,0,0,0,0,0,0,0,0,0,0,0,0,0,0,0,0,0,0,0,0,0,1,6
8204,12243,7,95000,12243,11,2000,12243,14,1000,12073,1,1000,12244,7,500,12245,7,500,0,0,0,0,0,0,0,0,0,0,0,0,0,0,0,0,0,0,0,0,0,0,0,0,0,0,0,1,6
8205,12244,7,95000,12244,11,2000,12244,14,1000,12074,1,1000,12245,7,500,12246,7,500,0,0,0,0,0,0,0,0,0,0,0,0,0,0,0,0,0,0,0,0,0,0,0,0,0,0,0,1,6
8206,12245,7,95000,12245,11,2000,12245,14,1000,12075,1,1000,12246,7,500,12247,7,500,0,0,0,0,0,0,0,0,0,0,0,0,0,0,0,0,0,0,0,0,0,0,0,0,0,0,0,1,6
8207,12246,7,95000,12246,11,2000,12246,14,1000,12076,1,1000,12247,7,500,12248,7,500,0,0,0,0,0,0,0,0,0,0,0,0,0,0,0,0,0,0,0,0,0,0,0,0,0,0,0,1,6
8208,12247,7,95000,12247,11,2000,12247,14,1000,12076,1,1000,12248,7,500,12249,7,500,0,0,0,0,0,0,0,0,0,0,0,0,0,0,0,0,0,0,0,0,0,0,0,0,0,0,0,1,6
8209,12248,7,95000,12248,11,2000,12248,14,1000,12076,1,1000,12249,7,500,12250,7,500,0,0,0,0,0,0,0,0,0,0,0,0,0,0,0,0,0,0,0,0,0,0,0,0,0,0,0,1,6
8210,12249,7,95000,12249,11,2000,12249,14,1000,12076,1,1000,12250,7,500,12381,7,500,0,0,0,0,0,0,0,0,0,0,0,0,0,0,0,0,0,0,0,0,0,0,0,0,0,0,0,1,6
8211,12250,7,95000,12250,11,2000,12250,14,1000,12076,1,1000,12381,7,500,12382,7,500,0,0,0,0,0,0,0,0,0,0,0,0,0,0,0,0,0,0,0,0,0,0,0,0,0,0,0,1,6
8212,12381,7,95000,12381,11,2000,12381,14,1000,12076,1,1000,12382,7,500,12383,7,500,0,0,0,0,0,0,0,0,0,0,0,0,0,0,0,0,0,0,0,0,0,0,0,0,0,0,0,1,6
8213,12382,7,95000,12382,11,2000,12382,14,1000,12076,1,1000,12383,7,500,12384,7,500,0,0,0,0,0,0,0,0,0,0,0,0,0,0,0,0,0,0,0,0,0,0,0,0,0,0,0,1,6
8214,12383,7,95000,12383,11,2000,12383,14,1000,12076,1,1000,12384,7,500,12385,7,500,0,0,0,0,0,0,0,0,0,0,0,0,0,0,0,0,0,0,0,0,0,0,0,0,0,0,0,1,6
8215,12384,7,95000,12384,11,2000,12384,14,1000,12076,1,1000,12385,7,500,12386,7,500,0,0,0,0,0,0,0,0,0,0,0,0,0,0,0,0,0,0,0,0,0,0,0,0,0,0,0,1,6
8216,12385,7,95000,12385,11,2000,12385,14,1000,12076,1,1000,12386,7,500,12387,7,500,0,0,0,0,0,0,0,0,0,0,0,0,0,0,0,0,0,0,0,0,0,0,0,0,0,0,0,1,6
8217,12386,7,95000,12386,11,2000,12386,14,1000,12076,1,1000,12387,7,500,12388,7,500,0,0,0,0,0,0,0,0,0,0,0,0,0,0,0,0,0,0,0,0,0,0,0,0,0,0,0,1,6
8218,12387,7,95000,12387,11,2000,12387,14,1000,12076,1,1000,12388,7,500,12389,7,500,0,0,0,0,0,0,0,0,0,0,0,0,0,0,0,0,0,0,0,0,0,0,0,0,0,0,0,1,6
8219,12388,7,95000,12388,11,2000,12388,14,1000,12076,1,1000,12389,7,500,12390,7,500,0,0,0,0,0,0,0,0,0,0,0,0,0,0,0,0,0,0,0,0,0,0,0,0,0,0,0,1,6
8220,12389,7,95000,12389,11,2000,12389,14,1000,12076,1,1000,12390,7,500,12390,7,500,0,0,0,0,0,0,0,0,0,0,0,0,0,0,0,0,0,0,0,0,0,0,0,0,0,0,0,1,6
8061,12244,8,95000,12244,12,2000,12244,16,1000,12074,1,1000,12245,8,500,12246,8,500,0,0,0,0,0,0,0,0,0,0,0,0,0,0,0,0,0,0,0,0,0,0,0,0,0,0,0,1,6
8062,12245,8,95000,12245,12,2000,12245,16,1000,12075,1,1000,12246,8,500,12247,8,500,0,0,0,0,0,0,0,0,0,0,0,0,0,0,0,0,0,0,0,0,0,0,0,0,0,0,0,1,6
8063,12246,8,95000,12246,12,2000,12246,16,1000,12076,1,1000,12247,8,500,12248,8,500,0,0,0,0,0,0,0,0,0,0,0,0,0,0,0,0,0,0,0,0,0,0,0,0,0,0,0,1,6
8064,12247,8,95000,12247,12,2000,12247,16,1000,12076,1,1000,12248,8,500,12249,8,500,0,0,0,0,0,0,0,0,0,0,0,0,0,0,0,0,0,0,0,0,0,0,0,0,0,0,0,1,6
8065,12248,8,95000,12248,12,2000,12248,16,1000,12076,1,1000,12249,8,500,12250,8,500,0,0,0,0,0,0,0,0,0,0,0,0,0,0,0,0,0,0,0,0,0,0,0,0,0,0,0,1,6
8066,12249,8,95000,12249,12,2000,12249,16,1000,12076,1,1000,12250,8,500,12381,8,500,0,0,0,0,0,0,0,0,0,0,0,0,0,0,0,0,0,0,0,0,0,0,0,0,0,0,0,1,6
8067,12250,8,95000,12250,12,2000,12250,16,1000,12076,1,1000,12381,8,500,12382,8,500,0,0,0,0,0,0,0,0,0,0,0,0,0,0,0,0,0,0,0,0,0,0,0,0,0,0,0,1,6
8068,12381,8,95000,12381,12,2000,12381,16,1000,12076,1,1000,12382,8,500,12383,8,500,0,0,0,0,0,0,0,0,0,0,0,0,0,0,0,0,0,0,0,0,0,0,0,0,0,0,0,1,6
8069,12382,8,95000,12382,12,2000,12382,16,1000,12076,1,1000,12383,8,500,12384,8,500,0,0,0,0,0,0,0,0,0,0,0,0,0,0,0,0,0,0,0,0,0,0,0,0,0,0,0,1,6
8070,12383,8,95000,12383,12,2000,12383,16,1000,12076,1,1000,12384,8,500,12385,8,500,0,0,0,0,0,0,0,0,0,0,0,0,0,0,0,0,0,0,0,0,0,0,0,0,0,0,0,1,6
8071,12384,8,95000,12384,12,2000,12384,16,1000,12076,1,1000,12385,8,500,12386,8,500,0,0,0,0,0,0,0,0,0,0,0,0,0,0,0,0,0,0,0,0,0,0,0,0,0,0,0,1,6
8232,12242,8,95000,12242,12,2000,12242,16,1000,12072,1,1000,12243,8,500,12244,8,500,0,0,0,0,0,0,0,0,0,0,0,0,0,0,0,0,0,0,0,0,0,0,0,0,0,0,0,1,6
8233,12243,8,95000,12243,12,2000,12243,16,1000,12073,1,1000,12244,8,500,12245,8,500,0,0,0,0,0,0,0,0,0,0,0,0,0,0,0,0,0,0,0,0,0,0,0,0,0,0,0,1,6
8234,12244,8,95000,12244,12,2000,12244,16,1000,12074,1,1000,12245,8,500,12246,8,500,0,0,0,0,0,0,0,0,0,0,0,0,0,0,0,0,0,0,0,0,0,0,0,0,0,0,0,1,6
8235,12245,8,95000,12245,12,2000,12245,16,1000,12075,1,1000,12246,8,500,12247,8,500,0,0,0,0,0,0,0,0,0,0,0,0,0,0,0,0,0,0,0,0,0,0,0,0,0,0,0,1,6
8236,12246,8,95000,12246,12,2000,12246,16,1000,12076,1,1000,12247,8,500,12248,8,500,0,0,0,0,0,0,0,0,0,0,0,0,0,0,0,0,0,0,0,0,0,0,0,0,0,0,0,1,6
8237,12247,8,95000,12247,12,2000,12247,16,1000,12076,1,1000,12248,8,500,12249,8,500,0,0,0,0,0,0,0,0,0,0,0,0,0,0,0,0,0,0,0,0,0,0,0,0,0,0,0,1,6
8238,12248,8,95000,12248,12,2000,12248,16,1000,12076,1,1000,12249,8,500,12250,8,500,0,0,0,0,0,0,0,0,0,0,0,0,0,0,0,0,0,0,0,0,0,0,0,0,0,0,0,1,6
8239,12249,8,95000,12249,12,2000,12249,16,1000,12076,1,1000,12250,8,500,12381,8,500,0,0,0,0,0,0,0,0,0,0,0,0,0,0,0,0,0,0,0,0,0,0,0,0,0,0,0,1,6
8240,12250,8,95000,12250,12,2000,12250,16,1000,12076,1,1000,12381,8,500,12382,12,500,0,0,0,0,0,0,0,0,0,0,0,0,0,0,0,0,0,0,0,0,0,0,0,0,0,0,0,1,6
8241,12381,8,95000,12381,12,2000,12381,16,1000,12076,1,1000,12382,8,500,12383,20,500,0,0,0,0,0,0,0,0,0,0,0,0,0,0,0,0,0,0,0,0,0,0,0,0,0,0,0,1,6
8242,12382,8,95000,12382,12,2000,12382,16,1000,12076,1,1000,12383,20,500,12384,24,500,0,0,0,0,0,0,0,0,0,0,0,0,0,0,0,0,0,0,0,0,0,0,0,0,0,0,0,1,6
8243,12383,8,95000,12383,12,2000,12383,16,1000,12076,1,1000,12384,20,500,12385,8,500,0,0,0,0,0,0,0,0,0,0,0,0,0,0,0,0,0,0,0,0,0,0,0,0,0,0,0,1,6
8244,12384,8,95000,12384,12,2000,12384,16,1000,12076,1,1000,12385,20,500,12386,8,500,0,0,0,0,0,0,0,0,0,0,0,0,0,0,0,0,0,0,0,0,0,0,0,0,0,0,0,1,6
8245,12385,8,95000,12385,12,2000,12385,16,1000,12076,1,1000,12386,20,500,12387,8,500,0,0,0,0,0,0,0,0,0,0,0,0,0,0,0,0,0,0,0,0,0,0,0,0,0,0,0,1,6
8246,12386,8,95000,12386,12,2000,12386,16,1000,12076,1,1000,12387,20,500,12388,8,500,0,0,0,0,0,0,0,0,0,0,0,0,0,0,0,0,0,0,0,0,0,0,0,0,0,0,0,1,6
8247,12387,8,95000,12387,12,2000,12387,16,1000,12076,1,1000,12388,20,500,12389,8,500,0,0,0,0,0,0,0,0,0,0,0,0,0,0,0,0,0,0,0,0,0,0,0,0,0,0,0,1,6
8248,12388,8,95000,12388,12,2000,12388,16,1000,12076,1,1000,12389,20,500,12390,8,500,0,0,0,0,0,0,0,0,0,0,0,0,0,0,0,0,0,0,0,0,0,0,0,0,0,0,0,1,6
8249,12389,8,95000,12389,12,2000,12389,16,1000,12076,1,1000,12390,20,500,12390,8,500,0,0,0,0,0,0,0,0,0,0,0,0,0,0,0,0,0,0,0,0,0,0,0,0,0,0,0,1,6
8261,12243,15,95000,12243,23,2000,12243,30,1000,12073,1,1000,12244,15,500,12245,15,500,0,0,0,0,0,0,0,0,0,0,0,0,0,0,0,0,0,0,0,0,0,0,0,0,0,0,0,1,6
8262,12244,15,95000,12244,23,2000,12244,30,1000,12074,1,1000,12245,15,500,12246,15,500,0,0,0,0,0,0,0,0,0,0,0,0,0,0,0,0,0,0,0,0,0,0,0,0,0,0,0,1,6
8263,12245,15,95000,12245,23,2000,12245,30,1000,12075,1,1000,12246,15,500,12247,15,500,0,0,0,0,0,0,0,0,0,0,0,0,0,0,0,0,0,0,0,0,0,0,0,0,0,0,0,1,6
8264,12246,15,95000,12246,23,2000,12246,30,1000,12076,1,1000,12247,15,500,12248,15,500,0,0,0,0,0,0,0,0,0,0,0,0,0,0,0,0,0,0,0,0,0,0,0,0,0,0,0,1,6
8265,12247,15,95000,12247,23,2000,12247,30,1000,12076,1,1000,12248,15,500,12249,15,500,0,0,0,0,0,0,0,0,0,0,0,0,0,0,0,0,0,0,0,0,0,0,0,0,0,0,0,1,6
8266,12248,15,95000,12248,23,2000,12248,30,1000,12076,1,1000,12249,15,500,12250,15,500,0,0,0,0,0,0,0,0,0,0,0,0,0,0,0,0,0,0,0,0,0,0,0,0,0,0,0,1,6
8267,12249,15,95000,12249,23,2000,12249,30,1000,12076,1,1000,12250,15,500,12381,15,500,0,0,0,0,0,0,0,0,0,0,0,0,0,0,0,0,0,0,0,0,0,0,0,0,0,0,0,1,6
8268,12250,15,95000,12250,23,2000,12250,30,1000,12076,1,1000,12381,15,500,12382,15,500,0,0,0,0,0,0,0,0,0,0,0,0,0,0,0,0,0,0,0,0,0,0,0,0,0,0,0,1,6
8269,12381,15,95000,12381,23,2000,12381,30,1000,12076,1,1000,12382,15,500,12383,15,500,0,0,0,0,0,0,0,0,0,0,0,0,0,0,0,0,0,0,0,0,0,0,0,0,0,0,0,1,6
8270,12382,15,95000,12382,23,2000,12382,30,1000,12076,1,1000,12383,15,500,12384,15,500,0,0,0,0,0,0,0,0,0,0,0,0,0,0,0,0,0,0,0,0,0,0,0,0,0,0,0,1,6
8271,12383,15,95000,12383,23,2000,12383,30,1000,12076,1,1000,12384,15,500,12385,15,500,0,0,0,0,0,0,0,0,0,0,0,0,0,0,0,0,0,0,0,0,0,0,0,0,0,0,0,1,6
8272,12384,15,95000,12384,23,2000,12384,30,1000,12076,1,1000,12385,15,500,12386,15,500,0,0,0,0,0,0,0,0,0,0,0,0,0,0,0,0,0,0,0,0,0,0,0,0,0,0,0,1,6
8273,12385,15,95000,12385,23,2000,12385,30,1000,12076,1,1000,12386,15,500,12387,15,500,0,0,0,0,0,0,0,0,0,0,0,0,0,0,0,0,0,0,0,0,0,0,0,0,0,0,0,1,6
8274,12386,15,95000,12386,23,2000,12386,30,1000,12076,1,1000,12387,15,500,12388,15,500,0,0,0,0,0,0,0,0,0,0,0,0,0,0,0,0,0,0,0,0,0,0,0,0,0,0,0,1,6
8275,12387,15,95000,12387,23,2000,12387,30,1000,12076,1,1000,12388,15,500,12389,15,500,0,0,0,0,0,0,0,0,0,0,0,0,0,0,0,0,0,0,0,0,0,0,0,0,0,0,0,1,6
8276,12388,15,95000,12388,23,2000,12388,30,1000,12076,1,1000,12389,15,500,12390,15,500,0,0,0,0,0,0,0,0,0,0,0,0,0,0,0,0,0,0,0,0,0,0,0,0,0,0,0,1,6
8277,12389,15,95000,12389,23,2000,12389,30,1000,12076,1,1000,12390,15,500,12390,15,500,0,0,0,0,0,0,0,0,0,0,0,0,0,0,0,0,0,0,0,0,0,0,0,0,0,0,0,1,6
8302,12242,9,95000,12242,14,2000,12242,18,1000,12072,1,1000,12243,9,500,12244,9,500,0,0,0,0,0,0,0,0,0,0,0,0,0,0,0,0,0,0,0,0,0,0,0,0,0,0,0,1,6
8303,12243,9,95000,12243,14,2000,12243,18,1000,12073,1,1000,12244,9,500,12245,9,500,0,0,0,0,0,0,0,0,0,0,0,0,0,0,0,0,0,0,0,0,0,0,0,0,0,0,0,1,6
8304,12244,9,95000,12244,14,2000,12244,18,1000,12074,1,1000,12245,9,500,12246,9,500,0,0,0,0,0,0,0,0,0,0,0,0,0,0,0,0,0,0,0,0,0,0,0,0,0,0,0,1,6
8305,12245,9,95000,12245,14,2000,12245,18,1000,12075,1,1000,12246,9,500,12247,9,500,0,0,0,0,0,0,0,0,0,0,0,0,0,0,0,0,0,0,0,0,0,0,0,0,0,0,0,1,6
8306,12246,9,95000,12246,14,2000,12246,18,1000,12076,1,1000,12247,9,500,12248,9,500,0,0,0,0,0,0,0,0,0,0,0,0,0,0,0,0,0,0,0,0,0,0,0,0,0,0,0,1,6
8307,12247,9,95000,12247,14,2000,12247,18,1000,12076,1,1000,12248,9,500,12249,9,500,0,0,0,0,0,0,0,0,0,0,0,0,0,0,0,0,0,0,0,0,0,0,0,0,0,0,0,1,6
8308,12248,9,95000,12248,14,2000,12248,18,1000,12076,1,1000,12249,9,500,12250,9,500,0,0,0,0,0,0,0,0,0,0,0,0,0,0,0,0,0,0,0,0,0,0,0,0,0,0,0,1,6
8309,12249,9,95000,12249,14,2000,12249,18,1000,12076,1,1000,12250,9,500,12381,9,500,0,0,0,0,0,0,0,0,0,0,0,0,0,0,0,0,0,0,0,0,0,0,0,0,0,0,0,1,6
8310,12250,9,95000,12250,14,2000,12250,18,1000,12076,1,1000,12381,9,500,12382,9,500,0,0,0,0,0,0,0,0,0,0,0,0,0,0,0,0,0,0,0,0,0,0,0,0,0,0,0,1,6
8311,12381,9,95000,12381,14,2000,12381,18,1000,12076,1,1000,12382,9,500,12383,9,500,0,0,0,0,0,0,0,0,0,0,0,0,0,0,0,0,0,0,0,0,0,0,0,0,0,0,0,1,6
8312,12382,9,95000,12382,14,2000,12382,18,1000,12076,1,1000,12383,23,500,12384,9,500,0,0,0,0,0,0,0,0,0,0,0,0,0,0,0,0,0,0,0,0,0,0,0,0,0,0,0,1,6
8313,12383,9,95000,12383,14,2000,12383,18,1000,12076,1,1000,12384,23,500,12385,9,500,0,0,0,0,0,0,0,0,0,0,0,0,0,0,0,0,0,0,0,0,0,0,0,0,0,0,0,1,6
8314,12384,9,95000,12384,14,2000,12384,18,1000,12076,1,1000,12385,23,500,12386,9,500,0,0,0,0,0,0,0,0,0,0,0,0,0,0,0,0,0,0,0,0,0,0,0,0,0,0,0,1,6
8315,12385,9,95000,12385,14,2000,12385,18,1000,12076,1,1000,12386,23,500,12387,9,500,0,0,0,0,0,0,0,0,0,0,0,0,0,0,0,0,0,0,0,0,0,0,0,0,0,0,0,1,6
8316,12386,9,95000,12386,14,2000,12386,18,1000,12076,1,1000,12387,23,500,12388,9,500,0,0,0,0,0,0,0,0,0,0,0,0,0,0,0,0,0,0,0,0,0,0,0,0,0,0,0,1,6
8317,12387,9,95000,12387,14,2000,12387,18,1000,12076,1,1000,12388,23,500,12389,9,500,0,0,0,0,0,0,0,0,0,0,0,0,0,0,0,0,0,0,0,0,0,0,0,0,0,0,0,1,6
8318,12388,9,95000,12388,14,2000,12388,18,1000,12076,1,1000,12389,23,500,12390,9,500,0,0,0,0,0,0,0,0,0,0,0,0,0,0,0,0,0,0,0,0,0,0,0,0,0,0,0,1,6
8319,12389,9,95000,12389,14,2000,12389,18,1000,12076,1,1000,12390,23,500,12390,9,500,0,0,0,0,0,0,0,0,0,0,0,0,0,0,0,0,0,0,0,0,0,0,0,0,0,0,0,1,6
8332,12242,9,95000,12242,14,2000,12242,18,1000,12072,1,1000,12243,9,500,12244,9,500,0,0,0,0,0,0,0,0,0,0,0,0,0,0,0,0,0,0,0,0,0,0,0,0,0,0,0,1,6
8333,12243,9,95000,12243,14,2000,12243,18,1000,12073,1,1000,12244,9,500,12245,9,500,0,0,0,0,0,0,0,0,0,0,0,0,0,0,0,0,0,0,0,0,0,0,0,0,0,0,0,1,6
8334,12244,9,95000,12244,14,2000,12244,18,1000,12074,1,1000,12245,9,500,12246,9,500,0,0,0,0,0,0,0,0,0,0,0,0,0,0,0,0,0,0,0,0,0,0,0,0,0,0,0,1,6
8335,12245,9,95000,12245,14,2000,12245,18,1000,12075,1,1000,12246,9,500,12247,9,500,0,0,0,0,0,0,0,0,0,0,0,0,0,0,0,0,0,0,0,0,0,0,0,0,0,0,0,1,6
8336,12246,9,95000,12246,14,2000,12246,18,1000,12076,1,1000,12247,9,500,12248,9,500,0,0,0,0,0,0,0,0,0,0,0,0,0,0,0,0,0,0,0,0,0,0,0,0,0,0,0,1,6
8337,12247,9,95000,12247,14,2000,12247,18,1000,12076,1,1000,12248,9,500,12249,9,500,0,0,0,0,0,0,0,0,0,0,0,0,0,0,0,0,0,0,0,0,0,0,0,0,0,0,0,1,6
8338,12248,9,95000,12248,14,2000,12248,18,1000,12076,1,1000,12249,9,500,12250,9,500,0,0,0,0,0,0,0,0,0,0,0,0,0,0,0,0,0,0,0,0,0,0,0,0,0,0,0,1,6
8339,12249,9,95000,12249,14,2000,12249,18,1000,12076,1,1000,12250,9,500,12381,9,500,0,0,0,0,0,0,0,0,0,0,0,0,0,0,0,0,0,0,0,0,0,0,0,0,0,0,0,1,6
8340,12250,9,95000,12250,14,2000,12250,18,1000,12076,1,1000,12381,9,500,12382,9,500,0,0,0,0,0,0,0,0,0,0,0,0,0,0,0,0,0,0,0,0,0,0,0,0,0,0,0,1,6
8341,12381,9,95000,12381,14,2000,12381,18,1000,12076,1,1000,12382,9,500,12383,9,500,0,0,0,0,0,0,0,0,0,0,0,0,0,0,0,0,0,0,0,0,0,0,0,0,0,0,0,1,6
8342,12382,9,95000,12382,14,2000,12382,18,1000,12076,1,1000,12383,9,500,12384,9,500,0,0,0,0,0,0,0,0,0,0,0,0,0,0,0,0,0,0,0,0,0,0,0,0,0,0,0,1,6
8343,12383,9,95000,12383,14,2000,12383,18,1000,12076,1,1000,12384,9,500,12385,9,500,0,0,0,0,0,0,0,0,0,0,0,0,0,0,0,0,0,0,0,0,0,0,0,0,0,0,0,1,6
8344,12384,9,95000,12384,14,2000,12384,18,1000,12076,1,1000,12385,9,500,12386,9,500,0,0,0,0,0,0,0,0,0,0,0,0,0,0,0,0,0,0,0,0,0,0,0,0,0,0,0,1,6
8345,12385,9,95000,12385,14,2000,12385,18,1000,12076,1,1000,12386,9,500,12387,9,500,0,0,0,0,0,0,0,0,0,0,0,0,0,0,0,0,0,0,0,0,0,0,0,0,0,0,0,1,6
8346,12386,9,95000,12386,14,2000,12386,18,1000,12076,1,1000,12387,9,500,12388,9,500,0,0,0,0,0,0,0,0,0,0,0,0,0,0,0,0,0,0,0,0,0,0,0,0,0,0,0,1,6
8347,12387,9,95000,12387,14,2000,12387,18,1000,12076,1,1000,12388,9,500,12389,9,500,0,0,0,0,0,0,0,0,0,0,0,0,0,0,0,0,0,0,0,0,0,0,0,0,0,0,0,1,6
8348,12388,9,95000,12388,14,2000,12388,18,1000,12076,1,1000,12389,9,500,12390,9,500,0,0,0,0,0,0,0,0,0,0,0,0,0,0,0,0,0,0,0,0,0,0,0,0,0,0,0,1,6
8402,12242,6,95000,12242,9,2000,12242,12,1000,12072,1,1000,12243,6,500,12244,6,500,0,0,0,0,0,0,0,0,0,0,0,0,0,0,0,0,0,0,0,0,0,0,0,0,0,0,0,1,6
8403,12243,6,95000,12243,9,2000,12243,12,1000,12073,1,1000,12244,6,500,12245,6,500,0,0,0,0,0,0,0,0,0,0,0,0,0,0,0,0,0,0,0,0,0,0,0,0,0,0,0,1,6
8404,12244,6,95000,12244,9,2000,12244,12,1000,12074,1,1000,12245,6,500,12246,6,500,0,0,0,0,0,0,0,0,0,0,0,0,0,0,0,0,0,0,0,0,0,0,0,0,0,0,0,1,6
8405,12245,6,95000,12245,9,2000,12245,12,1000,12075,1,1000,12246,6,500,12247,6,500,0,0,0,0,0,0,0,0,0,0,0,0,0,0,0,0,0,0,0,0,0,0,0,0,0,0,0,1,6
8406,12246,6,95000,12246,9,2000,12246,12,1000,12076,1,1000,12247,6,500,12248,6,500,0,0,0,0,0,0,0,0,0,0,0,0,0,0,0,0,0,0,0,0,0,0,0,0,0,0,0,1,6
8407,12247,6,95000,12247,9,2000,12247,12,1000,12076,1,1000,12248,6,500,12249,6,500,0,0,0,0,0,0,0,0,0,0,0,0,0,0,0,0,0,0,0,0,0,0,0,0,0,0,0,1,6
8408,12248,6,95000,12248,9,2000,12248,12,1000,12076,1,1000,12249,6,500,12250,6,500,0,0,0,0,0,0,0,0,0,0,0,0,0,0,0,0,0,0,0,0,0,0,0,0,0,0,0,1,6
8409,12249,6,95000,12249,9,2000,12249,12,1000,12076,1,1000,12250,6,500,12381,6,500,0,0,0,0,0,0,0,0,0,0,0,0,0,0,0,0,0,0,0,0,0,0,0,0,0,0,0,1,6
8410,12250,6,95000,12250,9,2000,12250,12,1000,12076,1,1000,12381,6,500,12382,6,500,0,0,0,0,0,0,0,0,0,0,0,0,0,0,0,0,0,0,0,0,0,0,0,0,0,0,0,1,6
8411,12381,6,95000,12381,9,2000,12381,12,1000,12076,1,1000,12382,6,500,12383,6,500,0,0,0,0,0,0,0,0,0,0,0,0,0,0,0,0,0,0,0,0,0,0,0,0,0,0,0,1,6
8412,12382,6,95000,12382,9,2000,12382,12,1000,12076,1,1000,12383,6,500,12384,6,500,0,0,0,0,0,0,0,0,0,0,0,0,0,0,0,0,0,0,0,0,0,0,0,0,0,0,0,1,6
8413,12383,6,95000,12383,9,2000,12383,12,1000,12076,1,1000,12384,6,500,12385,6,500,0,0,0,0,0,0,0,0,0,0,0,0,0,0,0,0,0,0,0,0,0,0,0,0,0,0,0,1,6
8414,12384,6,95000,12384,9,2000,12384,12,1000,12076,1,1000,12385,6,500,12386,6,500,0,0,0,0,0,0,0,0,0,0,0,0,0,0,0,0,0,0,0,0,0,0,0,0,0,0,0,1,6
8415,12385,6,95000,12385,9,2000,12385,12,1000,12076,1,1000,12386,6,500,12387,6,500,0,0,0,0,0,0,0,0,0,0,0,0,0,0,0,0,0,0,0,0,0,0,0,0,0,0,0,1,6
8416,12386,6,95000,12386,9,2000,12386,12,1000,12076,1,1000,12387,6,500,12388,6,500,0,0,0,0,0,0,0,0,0,0,0,0,0,0,0,0,0,0,0,0,0,0,0,0,0,0,0,1,6
8417,12387,6,95000,12387,9,2000,12387,12,1000,12076,1,1000,12388,6,500,12389,6,500,0,0,0,0,0,0,0,0,0,0,0,0,0,0,0,0,0,0,0,0,0,0,0,0,0,0,0,1,6
8418,12388,6,95000,12388,9,2000,12388,12,1000,12076,1,1000,12389,6,500,12390,6,500,0,0,0,0,0,0,0,0,0,0,0,0,0,0,0,0,0,0,0,0,0,0,0,0,0,0,0,1,6
8419,12389,6,95000,12389,9,2000,12389,12,1000,12076,1,1000,12390,6,500,12390,6,500,0,0,0,0,0,0,0,0,0,0,0,0,0,0,0,0,0,0,0,0,0,0,0,0,0,0,0,1,6
8431,12243,8,95000,12243,12,2000,12243,16,1000,12073,1,1000,12244,8,500,12245,8,500,0,0,0,0,0,0,0,0,0,0,0,0,0,0,0,0,0,0,0,0,0,0,0,0,0,0,0,1,6
8432,12244,8,95000,12244,12,2000,12244,16,1000,12074,1,1000,12245,8,500,12246,8,500,0,0,0,0,0,0,0,0,0,0,0,0,0,0,0,0,0,0,0,0,0,0,0,0,0,0,0,1,6
8433,12245,8,95000,12245,12,2000,12245,16,1000,12075,1,1000,12246,8,500,12247,8,500,0,0,0,0,0,0,0,0,0,0,0,0,0,0,0,0,0,0,0,0,0,0,0,0,0,0,0,1,6
8434,12246,8,95000,12246,12,2000,12246,16,1000,12076,1,1000,12247,8,500,12248,8,500,0,0,0,0,0,0,0,0,0,0,0,0,0,0,0,0,0,0,0,0,0,0,0,0,0,0,0,1,6
8435,12247,8,95000,12247,12,2000,12247,16,1000,12076,1,1000,12248,8,500,12249,8,500,0,0,0,0,0,0,0,0,0,0,0,0,0,0,0,0,0,0,0,0,0,0,0,0,0,0,0,1,6
8436,12248,8,95000,12248,12,2000,12248,16,1000,12076,1,1000,12249,8,500,12250,8,500,0,0,0,0,0,0,0,0,0,0,0,0,0,0,0,0,0,0,0,0,0,0,0,0,0,0,0,1,6
8437,12249,8,95000,12249,12,2000,12249,16,1000,12076,1,1000,12250,8,500,12381,8,500,0,0,0,0,0,0,0,0,0,0,0,0,0,0,0,0,0,0,0,0,0,0,0,0,0,0,0,1,6
8438,12250,8,95000,12250,12,2000,12250,16,1000,12076,1,1000,12381,8,500,12382,8,500,0,0,0,0,0,0,0,0,0,0,0,0,0,0,0,0,0,0,0,0,0,0,0,0,0,0,0,1,6
8439,12381,8,95000,12381,12,2000,12381,16,1000,12076,1,1000,12382,8,500,12383,8,500,0,0,0,0,0,0,0,0,0,0,0,0,0,0,0,0,0,0,0,0,0,0,0,0,0,0,0,1,6
8440,12382,8,95000,12382,12,2000,12382,16,1000,12076,1,1000,12383,8,500,12384,8,500,0,0,0,0,0,0,0,0,0,0,0,0,0,0,0,0,0,0,0,0,0,0,0,0,0,0,0,1,6
8441,12383,8,95000,12383,12,2000,12383,16,1000,12076,1,1000,12384,8,500,12385,8,500,0,0,0,0,0,0,0,0,0,0,0,0,0,0,0,0,0,0,0,0,0,0,0,0,0,0,0,1,6
8442,12384,8,95000,12384,12,2000,12384,16,1000,12076,1,1000,12385,8,500,12386,8,500,0,0,0,0,0,0,0,0,0,0,0,0,0,0,0,0,0,0,0,0,0,0,0,0,0,0,0,1,6
8443,12385,8,95000,12385,12,2000,12385,16,1000,12076,1,1000,12386,8,500,12387,8,500,0,0,0,0,0,0,0,0,0,0,0,0,0,0,0,0,0,0,0,0,0,0,0,0,0,0,0,1,6
8444,12386,8,95000,12386,12,2000,12386,16,1000,12076,1,1000,12387,8,500,12388,8,500,0,0,0,0,0,0,0,0,0,0,0,0,0,0,0,0,0,0,0,0,0,0,0,0,0,0,0,1,6
8445,12387,8,95000,12387,12,2000,12387,16,1000,12076,1,1000,12388,8,500,12389,8,500,0,0,0,0,0,0,0,0,0,0,0,0,0,0,0,0,0,0,0,0,0,0,0,0,0,0,0,1,6
8446,12388,8,95000,12388,12,2000,12388,16,1000,12076,1,1000,12389,8,500,12390,8,500,0,0,0,0,0,0,0,0,0,0,0,0,0,0,0,0,0,0,0,0,0,0,0,0,0,0,0,1,6
8447,12389,8,95000,12389,12,2000,12389,16,1000,12076,1,1000,12390,8,500,12390,8,500,0,0,0,0,0,0,0,0,0,0,0,0,0,0,0,0,0,0,0,0,0,0,0,0,0,0,0,1,6
9003,12242,2,95000,12242,3,2000,12242,4,1000,12082,1,1000,12243,2,500,12244,2,500,0,0,0,0,0,0,0,0,0,0,0,0,0,0,0,0,0,0,0,0,0,0,0,0,0,0,0,1,6
9004,12243,2,95000,12243,3,2000,12243,4,1000,12083,1,1000,12244,2,500,12245,2,500,0,0,0,0,0,0,0,0,0,0,0,0,0,0,0,0,0,0,0,0,0,0,0,0,0,0,0,1,6
9005,12244,2,95000,12244,3,2000,12244,4,1000,12084,1,1000,12245,2,500,12246,2,500,0,0,0,0,0,0,0,0,0,0,0,0,0,0,0,0,0,0,0,0,0,0,0,0,0,0,0,1,6
9006,12245,2,95000,12245,3,2000,12245,4,1000,12085,1,1000,12246,2,500,12247,2,500,0,0,0,0,0,0,0,0,0,0,0,0,0,0,0,0,0,0,0,0,0,0,0,0,0,0,0,1,6
9007,12246,2,95000,12246,3,2000,12246,4,1000,12086,1,1000,12247,2,500,12248,2,500,0,0,0,0,0,0,0,0,0,0,0,0,0,0,0,0,0,0,0,0,0,0,0,0,0,0,0,1,6
9008,12247,2,95000,12247,3,2000,12247,4,1000,12086,1,1000,12248,2,500,12249,2,500,0,0,0,0,0,0,0,0,0,0,0,0,0,0,0,0,0,0,0,0,0,0,0,0,0,0,0,1,6
9009,12248,2,95000,12248,3,2000,12248,4,1000,12086,1,1000,12249,2,500,12250,2,500,0,0,0,0,0,0,0,0,0,0,0,0,0,0,0,0,0,0,0,0,0,0,0,0,0,0,0,1,6
9010,12249,2,95000,12249,3,2000,12249,4,1000,12086,1,1000,12250,2,500,12381,2,500,0,0,0,0,0,0,0,0,0,0,0,0,0,0,0,0,0,0,0,0,0,0,0,0,0,0,0,1,6
9011,12250,2,95000,12250,3,2000,12250,4,1000,12086,1,1000,12381,2,500,12382,3,500,0,0,0,0,0,0,0,0,0,0,0,0,0,0,0,0,0,0,0,0,0,0,0,0,0,0,0,1,6
9012,12381,2,95000,12381,3,2000,12381,4,1000,12086,1,1000,12382,2,500,12382,5,500,0,0,0,0,0,0,0,0,0,0,0,0,0,0,0,0,0,0,0,0,0,0,0,0,0,0,0,1,6
9013,12382,2,95000,12382,3,2000,12382,4,1000,12086,1,1000,12382,5,500,12382,6,500,0,0,0,0,0,0,0,0,0,0,0,0,0,0,0,0,0,0,0,0,0,0,0,0,0,0,0,1,6
9014,12383,2,95000,12383,3,2000,12383,4,1000,12086,1,1000,12382,5,500,12382,2,500,0,0,0,0,0,0,0,0,0,0,0,0,0,0,0,0,0,0,0,0,0,0,0,0,0,0,0,1,6
9015,12384,2,95000,12384,3,2000,12384,4,1000,12086,1,1000,12382,5,500,12382,2,500,0,0,0,0,0,0,0,0,0,0,0,0,0,0,0,0,0,0,0,0,0,0,0,0,0,0,0,1,6
9016,12385,2,95000,12385,3,2000,12385,4,1000,12086,1,1000,12382,5,500,12382,2,500,0,0,0,0,0,0,0,0,0,0,0,0,0,0,0,0,0,0,0,0,0,0,0,0,0,0,0,1,6
9017,12386,2,95000,12386,3,2000,12386,4,1000,12086,1,1000,12382,5,500,12382,2,500,0,0,0,0,0,0,0,0,0,0,0,0,0,0,0,0,0,0,0,0,0,0,0,0,0,0,0,1,6
9018,12387,2,95000,12387,3,2000,12387,4,1000,12086,1,1000,12382,5,500,12382,2,500,0,0,0,0,0,0,0,0,0,0,0,0,0,0,0,0,0,0,0,0,0,0,0,0,0,0,0,1,6
9063,12242,3,95000,12242,5,2000,12242,6,1000,12082,1,1000,12243,3,500,12244,3,500,0,0,0,0,0,0,0,0,0,0,0,0,0,0,0,0,0,0,0,0,0,0,0,0,0,0,0,1,6
9064,12243,3,95000,12243,5,2000,12243,6,1000,12083,1,1000,12244,3,500,12245,3,500,0,0,0,0,0,0,0,0,0,0,0,0,0,0,0,0,0,0,0,0,0,0,0,0,0,0,0,1,6
9065,12244,3,95000,12244,5,2000,12244,6,1000,12084,1,1000,12245,3,500,12246,3,500,0,0,0,0,0,0,0,0,0,0,0,0,0,0,0,0,0,0,0,0,0,0,0,0,0,0,0,1,6
9066,12245,3,95000,12245,5,2000,12245,6,1000,12085,1,1000,12246,3,500,12247,3,500,0,0,0,0,0,0,0,0,0,0,0,0,0,0,0,0,0,0,0,0,0,0,0,0,0,0,0,1,6
9067,12246,3,95000,12246,5,2000,12246,6,1000,12086,1,1000,12247,3,500,12248,3,500,0,0,0,0,0,0,0,0,0,0,0,0,0,0,0,0,0,0,0,0,0,0,0,0,0,0,0,1,6
9068,12247,3,95000,12247,5,2000,12247,6,1000,12086,1,1000,12248,3,500,12249,3,500,0,0,0,0,0,0,0,0,0,0,0,0,0,0,0,0,0,0,0,0,0,0,0,0,0,0,0,1,6
9069,12248,3,95000,12248,5,2000,12248,6,1000,12086,1,1000,12249,3,500,12250,3,500,0,0,0,0,0,0,0,0,0,0,0,0,0,0,0,0,0,0,0,0,0,0,0,0,0,0,0,1,6
9070,12249,3,95000,12249,5,2000,12249,6,1000,12086,1,1000,12250,3,500,12381,3,500,0,0,0,0,0,0,0,0,0,0,0,0,0,0,0,0,0,0,0,0,0,0,0,0,0,0,0,1,6
9071,12250,3,95000,12250,5,2000,12250,6,1000,12086,1,1000,12381,3,500,12382,5,500,0,0,0,0,0,0,0,0,0,0,0,0,0,0,0,0,0,0,0,0,0,0,0,0,0,0,0,1,6
9072,12381,3,95000,12381,5,2000,12381,6,1000,12086,1,1000,12382,3,500,12382,8,500,0,0,0,0,0,0,0,0,0,0,0,0,0,0,0,0,0,0,0,0,0,0,0,0,0,0,0,1,6
9073,12382,3,95000,12382,5,2000,12382,6,1000,12086,1,1000,12382,8,500,12382,9,500,0,0,0,0,0,0,0,0,0,0,0,0,0,0,0,0,0,0,0,0,0,0,0,0,0,0,0,1,6
9074,12383,3,95000,12383,5,2000,12383,6,1000,12086,1,1000,12382,8,500,12382,3,500,0,0,0,0,0,0,0,0,0,0,0,0,0,0,0,0,0,0,0,0,0,0,0,0,0,0,0,1,6
9075,12384,3,95000,12384,5,2000,12384,6,1000,12086,1,1000,12382,8,500,12382,3,500,0,0,0,0,0,0,0,0,0,0,0,0,0,0,0,0,0,0,0,0,0,0,0,0,0,0,0,1,6
9076,12385,3,95000,12385,5,2000,12385,6,1000,12086,1,1000,12382,8,500,12382,3,500,0,0,0,0,0,0,0,0,0,0,0,0,0,0,0,0,0,0,0,0,0,0,0,0,0,0,0,1,6
9077,12386,3,95000,12386,5,2000,12386,6,1000,12086,1,1000,12382,8,500,12382,3,500,0,0,0,0,0,0,0,0,0,0,0,0,0,0,0,0,0,0,0,0,0,0,0,0,0,0,0,1,6
9078,12387,3,95000,12387,5,2000,12387,6,1000,12086,1,1000,12382,8,500,12382,3,500,0,0,0,0,0,0,0,0,0,0,0,0,0,0,0,0,0,0,0,0,0,0,0,0,0,0,0,1,6
10075,10146,5,65000,10147,5,20000,2153,1,4000,3153,1,3000,5153,1,3000,10987,3,2000,10988,3,2000,10898,1,1000,0,0,0,0,0,0,0,0,0,0,0,0,0,0,0,0,0,0,0,0,0,1,8
10076,10146,5,65000,10147,5,20000,2153,1,4000,3153,1,3000,5153,1,3000,10987,3,2000,10988,3,2000,10898,1,1000,0,0,0,0,0,0,0,0,0,0,0,0,0,0,0,0,0,0,0,0,0,2,8
10077,10011,20,60000,10030,20,25000,10280,1,3000,14005,1,2000,14102,1,2000,14202,1,2000,14006,1,2000,14103,1,2000,14203,1,2000,0,0,0,0,0,0,0,0,0,0,0,0,0,0,0,0,0,0,1,9
10078,10149,5,70000,10150,5,20000,10994,5,10000,0,0,0,0,0,0,0,0,0,0,0,0,0,0,0,0,0,0,0,0,0,0,0,0,0,0,0,0,0,0,0,0,0,0,0,0,1,3
10946,12416,5,80000,10143,1,20000,0,0,0,0,0,0,0,0,0,0,0,0,0,0,0,0,0,0,0,0,0,0,0,0,0,0,0,0,0,0,0,0,0,0,0,0,0,0,0,1,2
10997,6763,1,1000,3153,1,1000,11333,1,3000,11313,1,3000,11303,1,3000,10284,1,7000,9037,1,8000,3170,1,8000,9035,1,8000,10360,1,7000,10361,1,7000,14405,1,10000,10944,1,10000,3155,1,12000,10963,1,12000,1,15
10998,10283,1,1000,10202,1,1000,11363,1,3000,11353,1,3000,11373,1,3000,3191,1,3000,8467,1,4000,5153,1,9000,10983,1,9000,10984,1,10000,10942,1,10000,3169,1,10000,3157,1,11000,3171,1,11000,10961,1,12000,1,15
10999,6771,1,1000,2838,1,2000,3161,1,2000,14406,1,3000,10202,1,3000,11334,1,3000,14425,1,5000,3192,1,6000,8464,1,7000,10283,1,7000,10962,1,11000,10363,1,12000,10985,1,12000,3173,1,13000,10594,1,13000,1,15
10996,6763,1,1000,1167,1,1000,11333,1,2000,11313,1,3000,11363,1,4000,10284,1,7000,10944,1,8000,9035,1,8000,2157,1,8000,3156,1,7000,4187,1,7000,14405,1,10000,10364,1,10000,10940,1,12000,10963,1,12000,1,15

