id,itemid,probability,level_min,level_max,level_boss
1,10151|10161|12399|12400|12003|12032|12043|12033|12053|12091|12094|12095|12111|12112|12118|12121|12126|12171|7001|7081|7151|12172|12178|12181|12185,25000|11900|8000|8000|5000|5000|4000|3000|3000|3000|3000|3000|2000|2000|2000|2000|2000|2000|1000|1000|1000|1000|500|500|500,12,0,0
2,10152|10161|12399|12400|12007|12009|12037|12048|12058|12091|12092|12097|12102|12112|12113|12124|12128|12129|12130|12186|12197|12364|12366|12367|12368,25000|10000|6000|6000|5000|4900|4000|4000|4000|3000|3000|3000|2000|2000|2000|2000|2000|2000|2000|2000|1000|1000|1000|1000|1000,36,0,0
21,10151|10161|10350|12001|12002|12041|12042|12051|12052|12054|12091|12111|12112|12117|7001|7081|7151|12122|12123|12126|12171|12172|12177|12178|12181,20000|10000|10000|5000|5000|4000|4000|4000|4000|4000|3000|3000|3000|3000|2000|2000|2000|2000|2000|2000|2000|1000|1000|1000|500,9,0,0
22,10151|10350|10161|12001|12002|12031|12041|12042|12051|12052|12054|12117|12172|7001|7081|7151,25000|15000|12000|5000|5000|5000|5000|4000|4000|4000|4000|3000|3000|2000|2000|2000,1,0,0
23,10151|10161|12399|12400|12004|12034|12044|12091|12092|12094|12095|12112|12118|12121|12123|12127|12171|12361|12362|12364|12365|12172|7003|7083|7153,25000|11900|8000|8000|5000|3000|3000|3000|3000|2000|2000|2000|2000|2000|2000|2000|2000|2000|2000|2000|2000|1500|1000|1000|1000,15,0,0
24,10152|10162|12399|12400|12032|12046|12055|12092|12113|12118|12119|12121|12171|12185|12186|12362|12363|12365|12123|12124|12127|7005|7085|7155|12178,25000|10000|8000|8000|5000|5000|4900|4000|3000|2000|2000|2000|2000|2000|2000|2000|2000|2000|1500|1500|1500|1000|1000|1000|500,20,0,0
25,10152|10162|12399|12400|12005|12006|12035|12036|12056|12091|12092|12094|12095|12112|12119|12121|12185|12186|12122|12123|12126|12361|12364|12365|12369,25000|10000|6000|6000|5000|4900|4000|4000|4000|3000|3000|2000|2000|2000|2000|2000|2000|2000|1500|1500|1000|1000|1000|1000|1000,33,0,0
26,10153|10163|12399|12400|12008|12009|12037|12048|12058|12094|12095|12097|12102|12113|12114|12119|12122|12123|12124|12126|12127|12185|12197|12361|12363,25000|10000|6000|6000|6000|4900|4000|4000|3000|3000|3000|2000|2000|2000|2000|2000|1500|1500|1500|1500|1000|1000|1000|1000|1000,42,0,0
27,10153|10154|10163|12399|12400|12007|12008|12010|12038|12047|12039|12049|12102|12011|12040|12050|12115|12120|12125|12060|12127|12128|12366|12369|12370,15000|10000|10000|6000|6000|6000|4900|4000|4000|4000|3000|3000|3000|2000|2000|2000|2000|2000|2000|1000|1000|1000|1000|1000|1000,58,0,0
28,10154|10155|10164|12010|12399|12400|12011|12012|12013|12200|12014|12015|12016|12017|12057|12368|12370|12163|12129|7251|7261|7271|12155|10280,15000|10000|10000|8900|8000|8000|6000|6000|5000|3000|2000|2000|2000|2000|2000|2000|2000|1500|1000|1000|1000|1000|500|100,82,0,0
29,10155|10165|12011|12399|12400|12019|12125|12048|12061|12114|12130|12062|12063|12162|12163|12291|12295|12297|12064|12066|12203|12205|12206|7251|7261,25000|10000|8000|5750|5750|5000|5000|4000|3000|3000|3000|2000|2000|2000|2000|2000|1500|1500|1000|1000|1000|1000|1000|1000|1000,95,0,0
31,10154|10163|12007|12008|12399|12400|12009|12010|12011|12012|12013|12060|12061|12368|12370|12115|12120|12125|12127|12129|12130|10280,25000|10000|8000|7000|6000|6000|5900|5000|4000|3000|3000|2000|2000|2000|2000|1500|1500|1500|1500|1500|1500|100,60,0,0
32,10154|10155|10164|12010|12011|12012|12399|12400|12013|12014|12061|12015|12057|12062|12016|12064|12017|12018|12201|12202|12204|10280,15000|10000|10000|8900|8000|7000|6000|6000|5000|4000|4000|3000|3000|3000|2000|2000|1000|1000|500|250|250|100,83,0,0
33,10155|10165|12012|12013|12014|12015|12061|12399|12400|12016|12062|12017|12057|12064|12018|12368|12162|7251|7261|7271|12153|12201|12202|12204|10280,25000|10000|8000|6900|6000|5000|5000|4000|4000|4000|4000|3000|3000|2500|2000|2000|1000|1000|1000|1000|500|500|250|250|100,89,0,0
51,10154|10164|12399|12400|12010|10326|12011|12049|12121|12291|12122|12125|12361|12363|12366|12367|12369|12370|12128|12130|12295|7018|7098|7168|10280,25000|10000|8000|8000|5700|5000|5000|5000|3000|3000|2000|2000|2000|2000|2000|2000|2000|2000|1000|1000|1000|1000|1000|1000|200,72,0,0
52,10155|10165|10326|12014|12015|12016|12017|12018|12019|12062|12200|12047|12063|12115|12161|12291|12292|12048|12120|12162|12163|12130|12202|12204|12205,25000|10000|12700|6000|6000|5000|4000|3000|3000|3000|3000|2000|2000|2000|2000|2000|2000|1000|1000|1000|1000|500|500|500|500,111,0,0
53,10155|10165|12399|12400|10326|12013|12039|12047|12061|12114|12125|12040|12048|12057|12062|12115|12291|12292|12049|12120|12050|12064|12201|12202|12204,25000|10000|8000|8000|7700|5000|4000|4000|3000|3000|2500|2000|2000|2000|2000|2000|2000|2000|1000|1000|500|500|500|500|500,91,0,0
54,10154|10164|12399|12400|10326|12012|12039|12049|12014|12040|12050|12057|12200|12015|12368|12129|12130|7022|7102|7172|10280|10281,25000|10000|8000|8000|7700|6000|6000|5000|3000|3000|3000|3000|3000|2000|2000|1000|1000|1000|1000|1000|200|100,83,0,0
55,10154|10164|12399|12400|10326|12010|12040|12011|12049|12012|12013|12128|12130|12366|12367|12370|12039|7020|7100|7170|10280|10281,25000|10000|8000|8000|4700|5000|5000|4000|4000|3000|3000|3000|3000|3000|3000|3000|2000|1000|1000|1000|200|100,76,0,0
56,10156|10165|12018|12062|12063|12125|12162|12163|12019|12291|12292|12293|12064|12068|12130|12161|7251|7261|7271|12153|12155|12203|12295|12296|12297,20000|10000|12700|6000|5000|5000|5000|5000|4000|4000|4000|4000|3000|2000|2000|2000|1000|1000|1000|500|500|500|500|500|500,75,0,0
57,10156|10157|10165|12018|12065|12125|12162|12163|12291|12292|12293|12066|12130|12068|12161|12164|12295|12296|12297|7251|7261|7271|12153|12155|12206,15000|5000|10000|12700|5000|5000|5000|5000|5000|5000|5000|4000|3000|2500|2500|2000|1000|1000|1000|1000|1000|1000|750|750|500,110,0,0
58,10155|10164|12399|12400|10326|12009|12037|12047|12095|12038|12048|12040|12049|12097|12114|12366|12369|12370|12050|12115|12120|12128|7018|7098|7168,25000|10000|7000|7000|5800|5000|4000|4000|3250|3000|3000|2000|2000|2000|2000|2000|2000|2000|1000|1000|1000|1000|1000|1000|1000,50,0,0
61,10157|10167|12177|12161|12063|12164|12292|12293|12294|12065|12066|12296|12297|12298|12067|12153|7024|7104|7174|12203|10280|10281,20000|10000|14700|12000|7000|6000|5000|5000|5000|3000|2000|1500|1500|1500|1000|1000|1000|1000|1000|500|200|100,150,0,0
62,10157|10167|12161|12162|12163|12164|12063|12292|12293|12294|12065|12066|12296|12297|12298|12067|12153|12155|7026|7106|7176|12203|12205|12206|10280,20000|10000|9700|7000|7000|6500|6000|5000|5000|5000|3000|2000|2000|2000|2000|1000|1000|1000|1000|1000|1000|500|500|500|200,160,0,0
63,10157|10167|12161|12063|12162|12163|12164|12291|12292|12293|12294|12065|12066|12295|12296|12297|12298|12067|12153|12155|7027|7107|7177|12203|12205,20000|10000|8400|6000|5000|5000|5000|5000|5000|5000|5000|3000|2000|2000|2000|2000|2000|1000|1000|1000|1000|1000|1000|500|500,170,0,0
64,10158|10168|12161|12063|12162|12163|12164|12291|12292|12293|12294|12065|12066|12295|12296|12297|12298|12067|12153|12155|7251|7261|7271|12203|12205,20000|10000|7700|6500|5000|5000|5000|5000|5000|5000|5000|3000|2000|2000|2000|2000|2000|1000|1000|1000|1000|1000|1000|500|500,190,0,0
65,10158|10168|12065|12162|12163|12164|12294|12067|12298|12153|12155|7251|7261|7271|10281,20000|10000|10000|10000|10000|10000|10000|7900|5000|2000|2000|1000|1000|1000|100,190,0,0
100,12021|12022|8002|2002|3002|4003|5002|2301|5201|3201,33000|13000|13000|8000|8000|8000|8000|3000|3000|3000,2,8,0
101,12021|12022|8161|2002|3002|4003|5002|2301|4201|2301,33000|15000|13000|8000|8000|7000|7000|3000|3000|3000,3,9,0
102,12021|12022|8201|2003|3003|4003|5003|2301|2302|2303|5203,30000|20000|10000|8000|8000|6000|7000|3000|3000|3000|2000,4,10,0
103,12021|12173|8031|2003|3003|4004|5003|2302|4202|4203|5203,50000|10000|10000|6000|6000|5000|5000|2000|2000|2000|2000,4,10,0
104,12021|12022|12131|8131|8031|2004|3004|4004|3202|5203|3202|4202|5203,30000|20500|2500|8000|8000|8000|6000|6000|2500|2500|2000|2000|2000,5,11,0
105,12022|12131|12132|8131|8031|2004|3004|4004|5202|2302|3202|4202|5201,30000|20000|4000|8000|8000|8000|6000|6000|2000|2000|2000|2000|2000,6,12,0
106,12021|12173|12022|8131|8031|2005|3005|4005|5201|3201|3203|4203|5201,45000|12000|8000|5000|5000|5000|5000|5000|2000|2000|2000|2000|2000,6,12,0
107,12021|12173|12022|8131|8031|2005|3005|4005|4201|2301|3203|4203|5201,40000|15000|10000|5000|5000|5000|5000|5000|2000|2000|2000|2000|2000,7,13,0
108,12182|12183|12184|8131|8031|2005|3005|4005|2302|2303|3203|4203|5201,53500|20000|2500|3000|3000|4000|4000|3000|2000|1000|2000|1000|1000,7,13,0
109,12183|12184|10027|12081|12071|2031|4061|8003|8331|4202|4203|10008,36890|10000|5000|10000|5000|10000|10000|5000|4000|2000|2000|100,8,14,0
110,12177|12181|12081|12071|3031|3006|8301|8032|3202|5203|10008,44790|20000|4000|3000|10000|10000|4000|2000|1000|1000|200,9,15,0
111,12021|12173|12081|12071|3061|2121|8202|8101|5202|2302|10008,27890|15000|15000|8000|10000|10000|5000|5000|2000|2000|100,9,15,0
112,12179|12180|12081|12071|4006|4031|8231|8131|2305|4604|10008,34890|10000|12000|9000|10000|10000|5000|5000|2000|2000|100,9,15,0
113,12023|12024|12081|12071|3091|2006|8401|8162|2704|3604|10008,27890|15000|15000|8000|10000|10000|5000|5000|2000|2000|100,10,16,0
114,12021|12173|12081|12071|4031|3006|8331|8003|3205|4304|10008,23890|19000|15000|8000|10000|10000|5000|5000|2000|2000|100,11,17,0
115,12179|12180|12081|12071|2061|4006|8032|8301|2404|5604|10008,28890|15000|13000|9000|10000|10000|5000|5000|2000|2000|100,10,16,0
116,12177|12181|12081|12071|5061|5006|8101|8202|2504|5304|10008,44790|20000|4000|3000|10000|10000|4000|2000|1000|1000|200,11,17,0
117,12023|12024|12081|12071|4091|2006|8131|8231|5205|3304|10008,20890|20000|15000|8000|11000|11000|5000|5000|2000|2000|100,11,17,0
118,12177|12181|12081|12071|5031|3121|8162|8401|4205|3206|10008,42790|20000|5000|4000|10000|10000|4000|2000|1000|1000|200,12,18,0
119,12175|12022|12081|12071|2091|3006|8331|8003|2604|4404|10008,42890|8000|8000|4000|11000|11000|6000|5000|2000|2000|100,12,18,0
120,12131|12132|12081|12071|3121|5061|8032|8301|2304|3404|10008,29890|10000|15000|7000|12000|12000|5000|5000|2000|2000|100,12,18,0
121,12179|12180|12081|12071|4121|3091|8101|8202|3204|5404|10008,21890|20000|14000|10000|10000|10000|5000|5000|2000|2000|100,13,19,0
122,12175|12022|12081|12071|5121|4091|8131|8231|5204|5206|10008,40890|10000|8000|4000|11000|11000|6000|5000|2000|2000|100,13,19,0
123,12132|10280|12081|12071|5091|2031|8162|8401|4204|4206|10008,23790|1000|19000|12000|15000|15000|5000|5000|2000|2000|200,13,19,0
124,12177|12181|12081|12071|5121|4006|8003|8331|4605|4504|10008,42790|20000|5000|4000|10000|10000|4000|2000|1000|1000|200,13,19,0
125,12175|12022|12081|12071|4061|3121|8301|8032|3605|5504|10008,38890|12000|8000|4000|11000|11000|6000|5000|2000|2000|100,14,20,0
126,12177|12181|12081|12071|3006|2031|8202|8101|5605|3504|10008,41790|20000|5500|4500|10000|10000|4000|2000|1000|1000|200,14,20,0
127,12179|12180|12081|12071|2121|3031|8231|8131|2706|4606|10008,20890|20000|15000|10000|10000|10000|5000|5000|2000|2000|100,14,20,0
128,12177|12181|12081|12071|4031|3061|8401|8162|4305|3606|10008,39790|20000|5000|3000|10000|10000|5000|3000|2000|2000|200,14,20,0
129,12022|12188|12081|12071|2006|4006|8003|8003|5305|5606|10008,38890|15000|8000|4000|10000|10000|5000|5000|2000|2000|100,14,20,0
130,12132|10280|12081|12071|3006|3091|8301|8301|2411|3506|8502,21990|1000|18000|12000|9000|9000|9000|9000|4000|4000|3000,18,24,0
131,12177|12181|12081|12071|4006|4031|8202|8202|3305|4306|10008,39790|20000|5000|3000|10000|10000|5000|3000|2000|2000|200,15,21,0
132,12022|12188|12081|12071|5006|2061|8231|8231|2406|5306|10008,36890|15000|9000|5000|10000|10000|5000|5000|2000|2000|100,15,21,0
133,12175|12022|12081|12071|2006|5061|8401|8401|4405|3306|10008,35890|13000|9000|5000|11000|11000|6000|5000|2000|2000|100,15,21,0
134,12183|12184|10027|12081|12071|3121|4091|8331|8331|3405|4406|10008,33890|12000|5000|11000|5000|9000|10000|5000|5000|2000|2000|100,16,22,0
135,12022|12188|12081|12071|3006|5031|8032|8032|2506|3406|10008,34890|16000|10000|5000|10000|10000|5000|5000|2000|2000|100,16,22,0
136,12022|12188|12081|12071|5061|2091|8101|8101|5405|5406|10008,31890|16000|11000|7000|10000|10000|5000|5000|2000|2000|100,16,22,0
137,12175|12022|12081|12071|3091|3121|8131|8131|4505|4506|10008,34890|14000|9000|5000|11000|11000|6000|5000|2000|2000|100,16,22,0
138,12175|12022|12081|12071|4091|4121|8162|8162|5505|5506|10008,33890|15000|9000|5000|11000|11000|6000|5000|2000|2000|100,17,23,0
139,12022|12188|12081|12071|2031|5121|8401|8331|3505|2505|10008,26890|20000|12000|7000|10000|10000|5000|5000|2000|2000|100,17,23,0
140,12177|12181|12081|12071|4006|5091|8331|8032|2606|2605|10008,31790|17000|8000|4000|15000|15000|3000|2000|2000|2000|200,17,23,0
141,12183|12184|10028|12081|12071|3121|5121|8032|8101|2705|2306|10008,27890|15000|5000|12000|6000|10000|10000|5000|5000|2000|2000|100,17,23,0
142,12184|10041|10027|12081|12071|2007|4007|8004|8332|4208|2307|10008,22790|15000|10000|13000|7000|9000|9000|5000|5000|2000|2000|200,18,24,0
143,12177|12181|12081|12071|3007|5007|8033|8402|2308|3207|10008,29790|20000|10000|8000|10000|8000|6000|4000|2000|2000|200,18,24,0
144,12188|12131|12081|12071|4007|2007|8302|8004|3208|5207|10008,28890|17000|13000|9000|10000|10000|5000|5000|1000|1000|100,18,24,0
145,12022|12131|12081|12071|5007|3007|8203|8033|5208|4209|10008,38890|8000|10000|6000|11000|11000|6000|5000|2000|2000|100,18,24,0
146,12184|10041|10028|12081|12071|2007|4007|8232|8302|4207|2309|10008,17690|16000|11000|15000|8000|10000|10000|5000|5000|1000|1000|300,19,25,0
147,12022|12131|12081|12071|3007|5007|8102|8203|5209|3209|10008,36890|10000|10000|6000|11000|11000|6000|5000|2000|2000|100,19,25,0
148,12188|12131|12081|12071|4007|2007|8132|8232|2311|5210|10008,24890|20000|14000|9000|10000|10000|5000|5000|1000|1000|100,19,25,0
149,12022|12131|12081|12071|5007|3007|8163|8102|5211|2312|10008,34890|12000|10000|6000|11000|11000|6000|5000|2000|2000|100,20,26,0
150,12187|12186|12081|12071|2007|4007|8332|8132|4211|3212|10008,50890|10000|6000|3000|8000|8000|5000|5000|2000|2000|100,20,26,0
151,12132|10280|12081|12071|3007|5007|8402|8163|3213|3610|8501|7028,21890|2000|20000|12000|12000|12000|7000|7000|2000|2000|2000|100,25,31,0
152,12173|12174|12081|12071|4007|2007|8004|8332|2513|5212|10008,47890|20000|8000|4000|6000|6000|3000|3000|1000|1000|100,21,27,0
153,12022|12131|12081|12071|5007|3007|8033|8402|2713|4212|10008|12196,32890|13000|10000|6000|10000|11000|6000|5000|2000|2000|100|2000,21,27,0
154,12187|12186|12081|12071|2007|4007|8302|8302|2413|4413|10008,45890|15000|6000|3000|8000|8000|5000|5000|2000|2000|100,21,27,0
155,12176|12023|12081|12071|3007|5007|8203|8203|2613|3413|10008,34790|20000|5000|4000|10000|10000|8000|4000|2000|2000|200,21,27,0
156,12173|12174|12081|12071|4007|2007|8232|8232|2310|5413|10008|12196,46890|20000|8000|4000|6000|6000|3000|3000|1000|1000|100|1000,22,28,0
157,12022|12131|12081|12071|5007|3007|8102|8102|3210|4613|10008|12196,29890|14000|11000|7000|10000|11000|6000|5000|2000|2000|100|2000,22,28,0
158,12187|12185|12081|12071|2007|4007|8132|8132|5313|3613|10008,45890|15000|6000|3000|8000|8000|5000|5000|2000|2000|100,22,28,0
159,12176|12023|12081|12071|3007|5007|8163|8163|3313|5613|10008,32790|20000|5000|4000|11000|11000|8000|4000|2000|2000|200,22,28,0
160,12174|12022|12081|12071|4007|2007|8332|8332|4513|4313|10008|12196,46890|20000|8000|4000|6000|6000|3000|3000|1000|1000|100|1000,23,29,0
161,12174|12022|12081|12071|5007|3007|8402|8402|5513|3513|10008|12196,34890|20000|10000|6000|8000|8000|3000|3000|2000|2000|100|3000,23,29,0
162,12176|12023|12081|12071|2007|4007|8004|8004|2314|2315|10008,30790|20000|5000|4000|11000|11000|9000|5000|2000|2000|200,23,29,0
163,12022|12131|12081|12071|3007|5007|8033|8033|5214|5215|10008|12196,28890|15000|11000|7000|10000|11000|6000|5000|2000|2000|100|2000,23,29,0
164,12187|12185|12081|12071|4007|2007|8302|8302|4214|4410|10008,45890|15000|6000|3000|8000|8000|5000|5000|2000|2000|100,23,29,0
165,12176|12023|12081|12071|5007|3007|8203|8203|2313|2510|10008,31790|20000|6000|5000|10000|10000|8000|5000|2000|2000|200,24,30,0
166,12187|12186|12081|12071|2007|4007|8232|8232|5213|5410|10008,39890|18000|8000|4000|8000|8000|5000|5000|2000|2000|100,24,30,0
167,12022|12131|12081|12071|3007|5007|8102|8102|4213|4610|10008|12196,28890|15000|11000|7000|10000|11000|6000|5000|2000|2000|100|2000,24,30,0
168,12187|12186|12081|12071|4007|2007|8132|8132|4412|5610|10008,39890|20000|8000|4000|8000|8000|5000|5000|1000|1000|100,25,31,0
169,12132|10028|12081|12071|5007|3007|8163|8163|3512|3510|8531|12196,19990|10000|13000|9000|8000|8000|7000|7000|5000|5000|3000|5000,28,34,0
170,12187|12186|12081|12071|2007|4007|8332|8332|3412|2710|10008,36890|21000|8000|4000|8000|8000|5000|5000|2000|2000|100,25,31,0
171,12176|12023|12081|12071|3007|5007|8402|8402|5412|4310|10008,28790|20000|7000|6000|10000|10000|8000|5000|2500|2500|200,25,31,0
172,12023|12361|12081|12071|4007|2007|8302|8302|4612|5310|10008,52890|15000|8000|4000|5000|5000|3000|3000|2000|2000|100,25,31,0
173,12132|10028|12081|12071|5007|3007|8203|8203|4311|5511|8532|12196,19990|10000|13000|9000|8000|8000|7000|7000|5000|5000|3000|5000,31,37,0
174,12187|12185|12081|12071|2007|2007|8232|8232|3612|3310|10008,35890|21000|9000|4000|8000|8000|5000|5000|2000|2000|100,26,32,0
175,12187|12186|12081|12071|3007|3007|8102|8102|5612|2410|10008,35890|21000|10000|5000|8000|8000|5000|5000|1000|1000|100,26,32,0
176,12023|12361|12081|12071|4007|4007|8132|8132|4312|4215|10008,49890|18000|8000|4000|5000|5000|3000|3000|2000|2000|100,26,32,0
177,12023|12361|12081|12071|5007|5007|8163|8163|5312|4218|10008,47890|20000|8000|4000|5000|5000|3000|3000|2000|2000|100,27,33,0
178,12187|12185|12081|12071|4007|2007|8332|8332|3312|3215|10008,34890|22000|10000|5000|8000|8000|5000|5000|1000|1000|100,27,33,0
179,12187|12185|12081|12071|5007|3007|8402|8402|4512|4510|10008,34890|22000|10000|5000|8000|8000|5000|5000|1000|1000|100,27,33,0
180,12187|12185|12082|12072|2032|2122|8005|8233|4411|2610|10008,34890|22000|10000|5000|8000|8000|5000|5000|1000|1000|100,28,34,0
181,12024|12364|12082|12072|3032|3122|8303|8103|3411|2512|10008,56890|20000|5000|2000|4000|4000|2000|2000|2000|2000|100,28,34,0
182,12177|12181|12082|12072|4032|4122|8034|8333|2511|2712|10008,24790|20000|10000|10000|10000|10000|6000|5000|2000|2000|200,28,34,0
183,12024|12364|12082|12072|5032|5122|8204|8403|5411|2412|10008,51890|25000|5000|2000|4000|4000|2000|2000|2000|2000|100,29,35,0
184,12177|12181|12082|12072|2062|2092|8233|8261|4611|2612|10008,25790|20000|16000|10000|8000|8000|7000|3000|1000|1000|200,29,35,0
185,12176|12189|12082|12072|3062|3092|8103|8005|3611|3311|8531,55990|20000|6000|3000|4000|4000|2000|2000|1000|1000|1000,30,36,0
186,12023|12024|12082|12072|4062|4092|8333|8303|5611|2411|8761,50990|8000|6000|3000|8000|7000|5000|4000|3000|3000|2000,30,36,0
187,12177|12181|12082|12072|5062|5092|8403|8034|2711|4511|8671,20990|20000|18000|12000|8000|7000|6000|5000|1000|1000|1000,30,36,0
188,10044|10043|12082|12072|2092|2062|8261|8204|5311|3511|8501|12196,21990|20000|11000|11000|10000|10000|5000|5000|1000|1000|1000|3000,31,37,0
189,12176|12189|12082|12072|3092|3062|8431|8133|2611|3611|8791,47990|25000|8000|4000|4000|4000|2000|2000|1000|1000|1000,31,37,0
190,12023|12024|12082|12072|4092|4062|8133|8164|2317|3216|8611,48990|10000|6000|3000|8000|7000|5000|4000|3000|3000|2000,31,37,0
191,10044|10043|12082|12072|5092|5062|8164|8034|5220|4219|8501|12196,24990|8000|13000|11000|8000|8000|8000|6000|3000|3000|2000|5000,35,41,0
192,12023|12024|12082|12072|2122|2032|8034|8204|5217|4216|8531,43990|13000|7000|4000|8000|7000|5000|4000|3000|3000|2000,32,38,0
193,10044|10043|12082|12072|3122|3032|8204|8103|3220|5221|8501|12196,20990|9000|14000|12000|8000|8000|8000|6000|3000|3000|3000|5000,38,44,0
194,12024|12191|12082|12072|4122|4032|8233|8333|4217|2318|8761,48990|8000|7000|4000|8000|7000|5000|4000|3000|3000|2000,33,39,0
195,12023|12191|12082|12072|5122|5032|8103|8005|2316|3218|8671,58490|10000|3000|1500|7000|7000|5000|5000|1000|1000|1000,33,39,0
196,12023|12191|12082|12072|2032|2122|8333|8303|4216|5218|8701,57490|11000|3000|1500|7000|7000|5000|5000|1000|1000|1000,34,40,0
197,12024|12191|12082|12072|3032|3122|8403|8034|4220|2319|8791,44990|10000|8000|5000|8000|7000|5000|4000|3000|3000|2000,35,41,0
198,12023|12191|12082|12072|4032|4122|8261|8204|2320|3219|8611,56490|12000|3000|1500|7000|7000|5000|5000|1000|1000|1000,35,41,0
199,12173|12174|12082|12072|5032|5122|8005|8233|3220|5221|8531,45990|15000|6000|3000|7000|7000|5000|5000|2000|2000|2000,35,41,0
200,12023|12191|12082|12072|2062|2092|8303|8103|5219|4221|8761,55490|13000|3000|1500|7000|7000|5000|5000|1000|1000|1000,35,41,0
201,12024|12191|12082|12072|3062|3092|8034|8333|3221|2321|8671,41990|13000|8000|5000|8000|7000|5000|4000|3000|3000|2000,35,41,0
202,12023|12191|12082|12072|4062|4092|8204|8403|2320|3219|8501,54990|14000|4000|2000|7000|6000|5000|4000|1000|1000|1000,36,42,0
203,12023|12191|12082|12072|5062|5092|8133|8261|3220|5221|8791,53990|15000|4000|2000|7000|6000|5000|4000|1000|1000|1000,36,42,0
204,12191|12192|12082|12072|2092|2062|8164|8431|5219|4221|8611,52990|10000|6000|3000|7000|7000|5000|4000|2000|2000|1000,36,42,0
205,12024|12025|12082|12072|3092|3062|8034|8133|3221|2321|8531,49990|15000|3000|1000|9000|9000|5000|5000|1000|1000|1000,36,42,0
206,12024|12025|12082|12072|4092|4062|8204|8164|5220|4219|8761,47990|15000|4000|2000|9000|9000|5000|5000|1000|1000|1000,37,43,0
207,12191|12192|12082|12072|5092|5062|8103|8034|4220|2319|8671,50990|12000|6000|3000|7000|7000|5000|4000|2000|2000|1000,37,43,0
208,12023|12191|12082|12072|2122|2032|8333|8204|2320|3219|8701,52990|16000|4000|2000|7000|6000|5000|4000|1000|1000|1000,37,43,0
209,12024|12025|12082|12072|2008|4008|8006|8304|5219|4221|8791,42990|18000|5000|3000|9000|9000|5000|5000|1000|1000|1000,38,44,0
210,12191|12192|12082|12072|3008|5008|8035|8205|3221|2321|8611,49990|14000|5000|3000|7000|7000|5000|4000|2000|2000|1000,38,44,0
211,12023|12191|12082|12072|4008|2008|8104|8234|5220|4219|8612|12196,51490|17000|5000|2500|7000|6000|4000|3000|1000|1000|1000|1000,38,44,0
212,12025|12026|12082|12072|5008|3008|8134|8334|4220|2319|8641,40990|18000|6000|4000|9000|9000|5000|5000|1000|1000|1000,39,45,0
213,12191|12192|12082|12072|2008|4008|8165|8404|2320|3219|8672,49990|15000|5000|2000|7000|7000|5000|4000|2000|2000|1000,39,45,0
214,12023|12191|12082|12072|3008|5008|8262|8432|3220|5221|8702|12196,50490|18000|5000|2500|7000|6000|4000|3000|1000|1000|1000|1000,39,45,0
215,12025|12026|12082|12072|4008|2008|8006|8304|3221|2321|8991|12196,32890|20000|7000|5000|9000|9000|6000|6000|2000|2000|100|1000,40,46,0
216,12191|12192|12082|12072|5008|3008|8035|8205|5223|3222|8940,49890|17000|4000|2000|7000|7000|5000|4000|2000|2000|100,40,46,0
217,12023|12191|12082|12072|2008|4008|8104|8234|4223|5224|8952|12196,49390|19000|5000|2500|7000|6000|4000|3000|2000|1000|100|1000,40,46,0
218,12191|12192|12082|12072|3008|5008|8134|8334|2620|3224|8975,49890|20000|2000|1000|7000|7000|5000|4000|2000|2000|100,41,47,0
219,12023|12191|12082|12072|4008|4008|8165|8404|2720|4520|8901|12196,48890|20000|6000|3000|6000|5000|4000|4000|1000|1000|100|1000,41,47,0
220,12026|12099|12082|12072|5008|5008|8262|8432|5420|3320|8940|12196,23890|8000|10000|7000|10000|10000|8000|8000|5000|5000|100|5000,44,50,0
221,12191|12192|12082|12072|2008|2008|8006|8304|4519|2418|8952|12196,27240|5000|8000|6000|10000|9000|8000|8000|8000|7000|750|3000,44,50,0
222,12191|12192|12082|12072|3008|3008|8035|8205|2420|5520|8821,47990|20000|2000|1000|7000|7000|5000|4000|2000|2000|2000,42,48,0
223,12190|12031|12082|12072|4008|4008|8104|8234|2520|3520|8581,53990|15000|2000|1000|7000|6000|5000|4000|2000|2000|2000,42,48,0
224,12191|12192|12082|12072|5008|5008|8134|8334|5222|4620|8851,55990|20000|2000|1000|6000|6000|3000|3000|1000|1000|1000,43,49,0
225,12192|10280|12082|12072|2008|2008|8165|8404|3619|5418|8901|12198,29890|1000|12000|8000|10000|10000|7000|7000|5000|5000|100|5000,46,52,0
226,12191|12192|12082|12072|3008|3008|8262|8432|5319|3517|8533|12196,25990|7000|9000|7000|10000|9000|8000|8000|5000|5000|3000|3000,48,54,0
227,12190|12032|12082|12072|4008|4008|8006|8304|4222|3620|8792,50990|18000|2000|1000|7000|6000|5000|4000|2000|2000|2000,43,49,0
228,12190|12032|12082|12072|5008|5008|8035|8205|2322|5620|8762,48490|19000|3000|1500|7000|6000|5000|4000|2000|2000|2000,43,49,0
229,12190|12033|12082|12072|2008|3008|8104|8234|4420|4320|8532,47490|20000|3000|1500|7000|6000|5000|4000|2000|2000|2000,43,49,0
230,12190|12033|12082|12072|2008|4008|8134|8334|5519|4418|8983,49890|18000|4000|2000|7000|6000|5000|4000|2000|2000|100,44,50,0
231,12192|12132|12082|12072|3008|5008|8165|8404|3419|4617|8502|12198,30990|5000|8000|6000|10000|10000|7000|7000|5000|5000|2000|4000,49,55,0
232,12190|12034|12082|12072|4008|2008|8262|8432|3519|3418|8967,47890|20000|4000|2000|7000|6000|5000|4000|2000|2000|100,45,51,0
233,12190|12034|12082|12072|5008|2008|8007|8305|5619|4517|8821|12196,44990|18000|5000|3000|7000|6000|5000|4000|2000|2000|2000|1000,47,53,0
234,12190|12035|12083|12073|2033|2123|8036|8206|3319|2617|8763|12196,42990|20000|5000|3000|7000|6000|5000|4000|2000|2000|2000|1000,48,54,0
235,10042|12040|12083|12073|3033|3123|8105|8235|4419|2717|8822|12196,42990|18000|6000|4000|7000|6000|5000|4000|2000|2000|2000|1000,48,54,0
236,10042|12040|12083|12073|4033|4123|8135|8335|5419|3617|8613|12196,41990|22000|6000|4000|7000|6000|5000|4000|1000|1000|1000|1000,49,55,0
237,10042|12039|12083|12073|5033|5123|8166|8405|4518|5617|8673|12196,41990|20000|7000|5000|7000|6000|5000|4000|1000|1000|1000|1000,50,56,0
238,12131|10102|12083|12073|2063|2093|8263|8433|3618|3417|8561,52990|20000|4000|2000|5000|5000|3000|3000|2000|2000|1000,51,57,0
239,10042|12039|12083|12073|3063|3093|8007|8305|5618|2517|8764|12196,25990|20000|9000|6000|8000|7000|6000|5000|3000|3000|2000|5000,51,57,0
240,12131|10102|12083|12073|4063|4093|8036|8206|3318|2719|8704,52990|20000|4000|2000|5000|5000|3000|3000|2000|2000|1000,52,58,0
241,12037|12038|12083|12073|5063|5093|8105|8235|3235|2332|8960|14601|12198,24990|10000|10000|7000|9000|8000|8000|6000|3500|3400|100|5000|5000,57,63,0
242,12131|10102|12083|12073|2093|2033|8135|8335|4226|3225|8794,52990|20000|4000|2000|5000|5000|3000|3000|2000|2000|1000,53,59,0
243,12131|12004|12083|12073|3093|3033|8166|8405|5226|2325|8582,50990|20000|5000|3000|5000|5000|3000|3000|2000|2000|1000,54,60,0
244,12131|12004|12083|12073|4093|4033|8263|8433|4225|3227|8732,50990|20000|5000|3000|5000|5000|3000|3000|2000|2000|1000,55,61,0
245,12131|12301|12083|12073|5093|5033|8008|8306|3233|5232|8503,50990|20000|5000|3000|5000|5000|3000|3000|2000|2000|1000,56,62,0
246,12131|12301|12083|12073|5093|2063|8037|8207|2335|5235|8909|12196,50890|20000|5000|3000|5000|5000|3000|3000|2000|2000|100|1000,57,63,0
247,12188|12099|12083|12073|2009|3009|8106|8236|4230|4228|8582|12196,42990|20000|6000|4000|6000|6000|3000|3000|3000|3000|1000|2000,58,64,0
248,12187|12191|12083|12073|3009|4009|8136|8336|3229|3228|8643,35990|20000|4000|2000|10000|9000|6000|6000|3000|3000|1000,58,64,0
249,12188|12301|12083|12073|4009|5009|8167|8406|5229|2328|8534|12196,39990|20000|6000|4000|6000|6000|4000|4000|3000|3000|2000|2000,59,65,0
250,12187|12191|12083|12073|5009|2009|8264|8434|5230|4231|8823,35990|20000|4000|2000|10000|9000|6000|6000|3000|3000|1000,59,65,0
251,12187|12191|12083|12073|2009|3009|8008|8306|5237|3236|8916,36890|20000|4000|2000|10000|9000|6000|6000|3000|3000|100,60,66,0
252,12192|10280|12083|12073|3009|4009|8037|8207|5238|2336|8960|12198,29890|1000|12000|8000|10000|10000|7000|7000|5000|5000|100|5000,60,66,0
253,12099|12132|12083|12073|4009|5009|8106|8236|3426|2624|8824|12196,20990|15000|10000|8000|8000|8000|6000|6000|5000|5000|3000|5000,65,71,0
254,12093|12098|12083|12073|5009|2009|8136|8336|3237|5239|8562,40990|20000|7000|3000|8000|8000|4000|4000|2000|2000|1000,60,66,0
255,12187|12191|12083|12073|2009|3009|8167|8406|2627|3527|8675,34490|20000|5000|2500|10000|9000|6000|6000|3000|3000|1000,61,67,0
256,12187|12099|12083|12073|3009|4009|8264|8434|2727|4427|8854,34990|20000|6000|3000|9000|8000|6000|6000|3000|3000|1000,62,68,0
258,12187|12189|12083|12073|5009|3009|8037|8207|5236|5427|8824|12199,41990|20000|6000|2000|8000|8000|4000|4000|2000|2000|1000|1000,63,69,0
259,12187|12099|12083|12073|2009|2009|8106|8236|4327|4627|8504,34990|20000|6000|3000|9000|8000|6000|6000|3000|3000|1000,63,69,0
260,12187|12189|12083|12073|3009|3009|8136|8336|5327|3627|8562|12199,41990|20000|6000|2000|8000|8000|4000|4000|2000|2000|1000|1000,63,69,0
261,12093|12098|12083|12073|4009|4009|8167|8406|3327|5627|8675,40990|20000|7000|3000|8000|8000|4000|4000|2000|2000|1000,63,69,0
262,12187|12301|12083|12073|5009|5009|8264|8434|4526|3325|8854,34990|20000|6000|3000|9000|8000|6000|6000|3000|3000|1000,64,70,0
263,12187|12099|12083|12073|2009|2009|8008|8306|5426|5524|8504,34990|20000|6000|3000|9000|8000|6000|6000|3000|3000|1000,65,71,0
264,12093|12098|12083|12073|3009|3009|8037|8207|4626|3524|8562,40990|20000|7000|3000|8000|8000|4000|4000|2000|2000|1000,65,71,0
265,12093|12098|12083|12073|4009|4009|8106|8236|3626|4524|8675,40990|20000|7000|3000|8000|8000|4000|4000|2000|2000|1000,65,71,0
266,12187|12099|12083|12073|5009|5009|8136|8336|5326|2524|8504,36990|20000|6000|3000|8000|7000|6000|6000|3000|3000|1000,66,72,0
267,12187|12099|12083|12073|3009|2009|8167|8406|2625|2724|8765|12198,35990|20000|6000|3000|8000|7000|6000|6000|3000|3000|1000|1000,67,73,0
268,12093|12098|12083|12073|4009|3009|8264|8434|5525|4624|8583,40990|20000|7000|3000|8000|8000|4000|4000|2000|2000|1000,67,73,0
269,12187|12099|12084|12074|2034|2094|8009|8307|4425|4324|8644,36990|20000|6000|3000|8000|7000|6000|6000|3000|3000|1000,68,74,0
270,12187|12192|12084|12074|3034|3094|8038|8208|2525|3324|8795,36990|20000|6000|3000|8000|7000|6000|6000|3000|3000|1000,69,75,0
271,12093|12098|12084|12074|4034|4094|8107|8237|5425|2424|8824,35990|30000|5000|2000|7000|7000|4000|4000|2000|2000|1000,69,75,0
272,12023|12024|12084|12074|5034|5094|8137|8337|4625|2526|8535,49990|12000|5000|2000|8000|8000|4000|4000|3000|3000|1000,70,76,0
273,12093|12098|12084|12074|2094|2064|8168|8407|3625|2726|8765,35990|30000|5000|2000|7000|7000|4000|4000|2000|2000|1000,70,76,0
274,12187|12301|12084|12074|3094|3064|8265|8435|3526|5325|8825|12198,32990|20000|7000|4000|8000|7000|6000|6000|3000|3000|1000|2000,71,77,0
275,12024|12191|12084|12074|4094|4064|8009|8307|4526|3325|8505,49990|12000|5000|2000|8000|8000|4000|4000|3000|3000|1000,71,77,0
276,12093|12098|12084|12074|5094|5064|8038|8208|4426|2425|8584,33990|30000|6000|3000|7000|7000|4000|4000|2000|2000|1000,71,77,0
277,12187|12192|12084|12074|2064|2124|8107|8237|5426|5524|8766|12198,32990|20000|7000|4000|8000|7000|6000|6000|3000|3000|1000|2000,72,78,0
278,12189|12142|12084|12074|3064|3124|8137|8337|4626|3524|8826,45990|20000|4000|1000|8000|8000|4000|4000|2000|2000|1000,72,78,0
279,12023|12024|12084|12074|4064|4124|8168|8407|3626|4524|8506,44990|15000|6000|3000|8000|8000|4000|4000|3000|3000|1000,72,78,0
280,12189|12191|12084|12074|5064|5124|8265|8435|5626|4424|8855,48990|20000|3000|1000|7000|7000|4000|4000|2000|2000|1000,72,78,0
281,12024|12191|12084|12074|2124|3094|8009|8307|4326|3424|8536,43990|15000|7000|3000|8000|8000|4000|4000|3000|3000|1000,73,79,0
282,12187|12192|12084|12074|3124|4094|8038|8208|5326|2524|8645|12198,31990|20000|7000|4000|8000|7000|6000|6000|3000|3000|1000|3000,73,79,0
283,12189|12192|12084|12074|4124|5094|8107|8237|3326|5424|8733,47990|20000|4000|1000|7000|7000|4000|4000|2000|2000|1000,73,79,0
284,12093|12098|12084|12074|5124|2064|8137|8337|2625|2724|8615,32990|30000|7000|3000|7000|7000|4000|4000|2000|2000|1000,73,79,0
285,12189|12142|12084|12074|2034|3064|8168|8407|5525|4624|8644,43990|20000|5000|2000|8000|8000|4000|4000|2000|2000|1000,73,79,0
286,12024|12191|12084|12074|3034|2034|8265|8435|3525|3624|8563,36990|20000|8000|4000|8000|8000|4000|4000|3000|3000|1000,74,80,0
287,12189|12191|12084|12074|4034|3034|8009|8307|4525|5624|8825,46990|20000|4000|2000|7000|7000|4000|4000|2000|2000|1000,74,80,0
288,12187|10280|12084|12074|5034|4034|8038|8208|2434|5334|8584|12199,26990|5000|10000|8000|9000|9000|7000|7000|5000|5000|3000|5000,77,83,0
289,12189|12142|12084|12074|2094|5034|8107|8237|4425|4324|8505,41990|20000|6000|3000|8000|8000|4000|4000|2000|2000|1000,74,80,0
290,12187|12101|12084|12074|3094|2094|8137|8337|3425|5324|8584|12198,32990|20000|7000|4000|8000|7000|6000|6000|3000|3000|1000|2000,74,80,0
291,12028|10280|12084|12074|4094|3094|8168|8407|2525|3324|8766|12199,26990|5000|10000|8000|10000|10000|6000|6000|5000|5000|3000|5000,75,81,0
292,12187|12101|12084|12074|5094|4094|8265|8435|5425|2424|8826|12198,29990|20000|8000|5000|8000|7000|6000|6000|3000|3000|1000|3000,75,81,0
293,12024|12192|12084|12074|2064|5094|8009|8307|2725|2626|8506,36990|20000|8000|4000|8000|8000|4000|4000|3000|3000|1000,75,81,0
294,12189|12192|12084|12074|3064|2064|8038|8208|4625|2526|8855,45990|20000|5000|2000|7000|7000|4000|4000|2000|2000|1000,75,81,0
295,12093|12098|12084|12074|4064|3064|8107|8237|3625|2726|8536,32990|30000|7000|3000|7000|7000|4000|4000|2000|2000|1000,75,81,0
296,12189|12142|12084|12074|5064|4064|8137|8337|5625|2426|8645,38990|20000|8000|4000|8000|8000|4000|4000|2000|2000|1000,75,81,0
297,12189|12191|12084|12074|2124|5064|8168|8407|4238|4634|8644,44990|20000|5000|3000|7000|7000|4000|4000|2000|2000|1000,76,82,0
298,12187|12099|12084|12074|3124|2124|8265|8435|4236|4434|8563,32990|20000|8000|5000|8000|7000|6000|6000|3000|3000|1000,76,82,0
299,12024|12191|12084|12074|4124|3124|8009|8307|4534|4239|8825,30990|25000|9000|4000|8000|8000|4000|4000|3000|3000|1000,76,82,0
300,12261|12193|12084|12074|5124|4124|8038|8208|2634|5534|8505,45990|20000|4000|1000|8000|8000|4000|4000|2000|2000|1000,76,82,0
301,12024|12191|12084|12074|3094|5124|8107|8237|2734|3334|8766,28990|25000|10000|5000|8000|8000|4000|4000|3000|3000|1000,77,83,0
302,12261|12193|12084|12074|4094|2034|8137|8337|2534|3634|8826,45990|20000|4000|1000|8000|8000|4000|4000|2000|2000|1000,77,83,0
303,12187|12099|12084|12074|5094|3034|8168|8407|3534|5634|8506,32990|20000|8000|5000|8000|7000|6000|6000|3000|3000|1000,77,83,0
304,12189|12192|12084|12074|2064|4034|8265|8435|3434|5434|8855,43990|20000|6000|3000|7000|7000|4000|4000|2000|2000|1000,77,83,0
305,12093|12098|12084|12074|3064|5034|8009|8307|4237|4334|8536,30990|30000|8000|4000|7000|7000|4000|4000|2000|2000|1000,77,83,0
306,12187|12132|12084|12074|2010|5010|8010|8169|4331|4633|8676|12157,26990|5000|10000|10000|10000|10000|7000|7000|5000|5000|3000|1000,83,89,0
307,12028|12192|12084|12074|3010|4010|8308|8138|4238|4634|8645,23990|30000|10000|5000|8000|8000|4000|4000|3000|3000|1000,78,84,0
308,12261|12193|12084|12074|4010|3010|8209|8436|4236|4434|8733,43990|20000|5000|2000|8000|8000|4000|4000|2000|2000|1000,78,84,0
309,12028|10280|12084|12074|5010|2010|8238|8108|2734|3334|8768|12199,21990|5000|13000|10000|10000|10000|6000|6000|5000|5000|3000|5000,82,88,0
310,12261|12193|12084|12074|2010|5010|8039|8266|2634|5534|8585,43990|20000|5000|2000|8000|8000|4000|4000|2000|2000|1000,79,85,0
311,12189|12027|12084|12074|3010|4010|8338|8408|2434|5334|8992,44890|20000|6000|3000|7000|7000|4000|4000|2000|2000|100,79,85,0
312,12093|12098|12084|12074|4010|3010|8408|8338|2734|3334|8941,28890|35000|8000|4000|6000|6000|4000|4000|2000|2000|100,79,85,0
313,12189|12027|12084|12074|5010|2010|8266|8039|3534|5634|8953,44890|20000|6000|3000|7000|7000|4000|4000|2000|2000|100,80,86,0
314,12261|12193|12084|12074|2010|5010|8108|8238|3434|5434|8984,42890|20000|6000|3000|8000|8000|4000|4000|2000|2000|100,80,86,0
315,12189|12027|12084|12074|3010|4010|8436|8209|4534|4239|8927,44890|20000|6000|3000|7000|7000|4000|4000|2000|2000|100,81,87,0
316,12193|12195|12084|12074|4010|3010|8138|8308|2634|5534|8933,48890|20000|4000|1000|7000|7000|4000|4000|2000|2000|100,81,87,0
317,12028|12192|12084|12074|5010|2010|8169|8010|3333|2431|8902|12198,19790|15000|12000|9000|10000|10000|6000|6000|5000|5000|200|2000,86,92,0
318,12261|12193|12084|12074|2010|5010|8010|8169|2434|5334|8538,41990|20000|6000|3000|8000|8000|4000|4000|2000|2000|1000,81,87,0
319,12025|12026|12084|12074|3010|4010|8308|8138|2534|3634|8646|12198,43990|20000|5000|3000|7000|7000|4000|4000|2000|2000|1000|1000,82,88,0
320,12261|12193|12084|12074|4010|3010|8209|8436|3534|5634|8734,41990|20000|6000|3000|8000|8000|4000|4000|2000|2000|1000,82,88,0
321,12189|12027|12084|12074|5010|2010|8238|8108|3434|5434|8827,42990|20000|7000|3000|7000|7000|4000|4000|2000|2000|1000,82,88,0
322,12093|12098|12084|12074|2010|5010|8039|8266|5431|3433|8992|12198|12211,23790|10000|16000|10000|8000|8000|5000|5000|5000|5000|200|1000|3000,85,91,0
323,12193|12195|12084|12074|3010|4010|8338|8408|4531|4333|8507,46990|20000|4000|1000|7000|7000|4000|4000|2000|2000|2000,82,88,0
324,12189|12027|12084|12074|4010|3010|8408|8338|4631|4433|8706|12199,29990|30000|7000|3000|8000|8000|4000|4000|2000|2000|1000|1000,83,89,0
325,12261|12193|12084|12074|5010|2010|8266|8039|4431|4532|8856,39990|20000|7000|4000|8000|8000|4000|4000|2000|2000|1000,83,89,0
326,12264|12143|12084|12074|2010|5010|8108|8238|4533|4332|8537,40990|20000|6000|2000|8000|8000|5000|5000|2000|2000|1000,83,89,0
327,12025|12026|12084|12074|3010|4010|8436|8209|4432|4632|8616|12199,43990|20000|5000|3000|7000|7000|4000|4000|2000|2000|1000|1000,83,89,0
328,12193|12195|12084|12074|4010|3010|8138|8308|3531|2432|8828,44990|20000|5000|2000|7000|7000|4000|4000|2000|2000|2000,83,89,0
329,12093|12098|12084|12074|5010|2010|8169|8010|5331|5633|8767,30990|35000|8000|3000|6000|6000|3000|3000|2000|2000|1000,84,90,0
330,12261|10280|12084|12074|2010|5010|8010|8169|3331|2732|8508|12198,37990|2000|10000|6000|9000|9000|6000|6000|5000|5000|3000|1000,84,90,0
331,12193|12195|12084|12074|3010|4010|8308|8138|3631|2532|8796,44990|20000|5000|2000|7000|7000|4000|4000|2000|2000|2000,84,90,0
332,12025|12026|12084|12074|4010|3010|8209|8436|5631|5433|8585,43990|21000|5000|3000|7000|7000|4000|4000|2000|2000|1000,84,90,0
333,12025|12026|12084|12074|5010|2010|8238|8108|3431|3532|8941|12198,42890|20000|6000|4000|7000|7000|4000|4000|2000|2000|100|1000,85,91,0
334,12093|12098|12084|12074|2010|5010|8039|8266|3533|2631|8953,30390|35000|9000|3500|6000|6000|3000|3000|2000|2000|100,85,91,0
335,12193|12195|12084|12074|3010|4010|8338|8408|2632|5532|8984,45890|20000|6000|2000|7000|7000|4000|4000|2000|2000|100,85,91,0
336,12189|10280|12084|12074|4010|3010|8408|8338|5533|5332|8829,38990|2000|10000|10000|8000|8000|5000|5000|4000|4000|5000,90,96,0
337,12025|12026|12084|12074|5010|2010|8266|8039|5533|5332|8968|12198,42890|20000|6000|4000|7000|7000|4000|4000|2000|2000|100|1000,85,91,0
338,12193|10280|12084|12074|2010|5010|8108|8238|3531|2432|8856,26990|2000|12000|8000|10000|10000|8000|8000|6000|6000|3000,88,94,0
339,12025|12026|12084|12074|3010|4010|8436|8209|5432|3632|8927|12198,42890|20000|6000|4000|7000|7000|4000|4000|2000|2000|100|1000,86,92,0
340,12093|12098|12084|12074|4010|3010|8138|8308|3432|5632|8933,30390|35000|9000|3500|6000|6000|3000|3000|2000|2000|100,86,92,0
341,12264|12143|12084|12074|5010|2010|8169|8010|2633|2731|8538,38990|20000|7000|3000|8000|8000|5000|5000|2000|2000|1000,86,92,0
342,12193|12195|12084|12074|2010|5010|8010|8338|2433|2531|8768,44990|20000|6000|2000|7000|7000|4000|4000|2000|2000|1000,86,92,0
343,12026|12028|12084|12074|3010|4010|8039|8308|2733|2533|8646|12199,41990|20000|6000|4000|7000|7000|4000|4000|2000|2000|1000|1000,86,92,0
344,12025|12026|12084|12074|4010|3010|8108|8209|4531|4333|8734|12198,40990|20000|7000|4000|7000|7000|4000|4000|2000|2000|1000|1000,87,93,0
345,12093|12098|12084|12074|5010|2010|8138|8408|4331|4633|8827,29490|35000|9000|3500|6000|6000|3000|3000|2000|2000|1000,87,93,0
346,12026|12028|12084|12074|2010|5010|8238|8436|4631|4433|8507|12199,40990|20000|7000|4000|7000|7000|4000|4000|2000|2000|1000|1000,87,93,0
347,12264|12143|12084|12074|3010|4010|8169|8266|4431|4532|8676,36990|20000|8000|4000|8000|8000|5000|5000|2000|2000|1000,87,93,0
348,12093|12098|12085|12075|2035|5125|8011|8267|5531|3633|8537,29990|40000|5000|2000|6000|6000|3000|3000|2000|2000|1000,88,94,0
349,12193|12195|12085|12075|3035|4125|8040|8239|4533|4332|8706,44990|20000|6000|2000|7000|7000|4000|4000|2000|2000|1000,87,93,0
350,12018|10280|12085|12075|4035|3125|8109|8437|5648|3541|8857,22990|2000|14000|10000|10000|10000|10000|8000|5000|5000|3000,91,97,0
351,12025|12016|12085|12075|5035|2125|8139|8409|5331|5633|8616,40990|25000|5000|2000|7000|7000|4000|4000|2000|2000|1000,88,94,0
352,12017|12015|12085|12075|2065|5095|8170|8210|3331|2732|8828|12198,39990|25000|5000|2000|7000|7000|4000|4000|2000|2000|1000|1000,88,94,0
353,12195|10280|12085|12075|3065|4095|8309|8339|3648|4341|8798,22990|5000|10000|8000|10000|10000|10000|10000|6000|6000|2000,91,97,0
354,12264|12143|12085|12075|4065|3095|8339|8309|3631|2532|8767,36990|20000|8000|4000|8000|8000|5000|5000|2000|2000|1000,88,94,0
355,12026|12017|12085|12075|5065|2095|8210|8170|5631|5433|8508,38990|25000|6000|3000|7000|7000|4000|4000|2000|2000|1000,89,95,0
356,12098|12100|12085|12075|2095|5065|8409|8139|5431|3433|8796,38990|25000|5000|2000|7000|7000|4000|4000|3000|3000|1000,89,95,0
357,12264|12143|12085|12075|3095|4065|8437|8109|3431|3532|8564,33990|20000|10000|5000|8000|8000|5000|5000|2000|2000|1000,89,95,0
358,12017|12028|12085|12075|4095|3065|8239|8040|3533|2631|8770,38990|25000|6000|3000|7000|7000|4000|4000|2000|2000|1000,89,95,0
359,12193|12195|12085|12075|5095|2065|8267|8011|2632|5532|8617,38990|20000|7000|3000|9000|9000|4000|4000|2000|2000|1000,89,95,0
360,12189|12200|12085|12075|2125|5035|8011|8267|5333|3332|8509,39990|15000|9000|5000|8000|8000|5000|5000|2000|2000|1000,90,96,0
361,12026|12017|12085|12075|3125|4035|8040|8239|3333|2431|8677|12199|12152,32990|25000|8000|4000|7000|7000|4000|4000|2000|2000|1000|2000|1000,90,96,0
362,12098|12100|12085|12075|4125|3035|8109|8437|5432|3632|8707,37990|25000|6000|2000|7000|7000|4000|4000|3000|3000|1000,90,96,0
363,12193|12195|12085|12075|5125|2035|8139|8409|3432|5632|8830,36990|20000|8000|4000|9000|9000|4000|4000|2000|2000|1000,90,96,0
364,12016|12028|12085|12075|2035|5125|8170|8210|2633|2731|8769,38990|25000|6000|3000|7000|7000|4000|4000|2000|2000|1000,90,96,0
365,12025|12017|12085|12075|3035|4125|8309|8339|2433|2531|8510,38990|25000|6000|3000|7000|7000|4000|4000|2000|2000|1000,90,96,0
366,12264|12143|12085|12075|4035|3125|8339|8309|2733|2533|8797,34990|20000|7000|4000|7000|7000|5000|5000|4000|4000|2000,90,96,0
367,12264|12143|12085|12075|5035|2125|8210|8170|2741|4548|8540,34990|20000|7000|4000|7000|7000|5000|5000|4000|4000|2000,90,96,0
368,12016|12028|12085|12075|2065|5095|8409|8139|2748|5341|8539|12199,36990|25000|6000|3000|7000|7000|4000|4000|2000|2000|1000|2000,91,97,0
369,12027|12028|12085|12075|3065|4095|8437|8109|4641|3341|8618|12199,30490|31500|6000|2000|8000|8000|4000|4000|2000|2000|1000|1000,91,97,0
370,12098|12100|12085|12075|4065|3095|8239|8040|3641|4348|8647,37990|25000|6000|2000|7000|7000|4000|4000|3000|3000|1000,91,97,0
371,12195|10280|12085|12075|5065|2095|8267|8011|5641|3348|8541,25990|2000|15000|10000|10000|10000|8000|8000|4000|4000|3000,91,97,0
372,12025|12017|12085|12075|2095|5065|8011|8267|4441|5348|8831,38990|25000|6000|3000|7000|7000|4000|4000|2000|2000|1000,91,97,0
373,12189|12200|12085|12075|3095|4065|8040|8239|5441|2448|8511,34990|20000|9000|5000|8000|8000|5000|5000|2000|2000|1000,91,97,0
374,12264|10280|12085|12075|4095|3065|8109|8437|3648|4341|8542,21990|5000|14000|10000|10000|10000|8000|8000|5000|5000|3000,94,100,0
375,12262|12194|12085|12075|5095|2065|8139|8409|3441|4448|8565,34990|20000|6000|2000|8000|8000|8000|8000|2000|2000|1000,91,97,0
376,12262|12143|12085|12075|2125|5035|8170|8210|3448|2548|8649,34990|20000|6000|2000|8000|8000|8000|8000|2000|2000|1000,92,98,0
377,12016|12028|12085|12075|3125|4035|8309|8339|2741|4548|8736|12198,36990|25000|6000|3000|7000|7000|4000|4000|2000|2000|1000|2000,92,98,0
378,12026|12017|12085|12075|4125|3035|8339|8309|2541|2648|8679|12198,36990|25000|6000|3000|7000|7000|4000|4000|2000|2000|1000|2000,92,98,0
379,12098|12100|12085|12075|5125|2035|8210|8170|2641|3548|8709,37990|25000|6000|2000|7000|7000|4000|4000|3000|3000|1000,92,98,0
380,12026|12018|12085|12075|2035|5125|8409|8139|2441|4541|8772|12199,36990|25000|6000|3000|7000|7000|4000|4000|2000|2000|1000|2000,93,99,0
381,12262|12194|12085|12075|3035|4125|8437|8109|4648|5541|8858,32990|20000|7000|3000|8000|8000|8000|8000|2000|2000|1000,93,99,0
382,12018|10280|12085|12075|4035|3125|8239|8040|4438|4340|8542|12198|12152,21990|2000|15000|8000|10000|10000|7000|7000|6000|6000|4000|2000|1000,98,104,0
383,12098|12100|12085|12075|5035|2125|8267|8011|5648|3541|8799,33990|30000|6000|2000|7000|7000|4000|4000|3000|2000|1000,93,99,0
384,12098|12100|12085|12075|2065|5095|8011|8267|2748|5341|8832,32990|30000|6000|2000|7000|7000|4000|4000|3000|3000|1000,94,100,0
385,12262|12143|12085|12075|3065|4095|8040|8239|4641|3341|8771,32990|20000|7000|3000|8000|8000|8000|8000|2000|2000|1000,94,100,0
386,12028|10280|12085|12075|4065|3095|8109|8437|4545|4347|8586|12199,22990|2000|15000|8000|10000|10000|7000|7000|6000|6000|4000|2000,99,105,0
387,12189|12200|12085|12075|5065|2095|8139|8409|3641|4348|8512,34990|20000|9000|5000|8000|8000|5000|5000|2000|2000|1000,95,101,0
388,12263|12194|12085|12075|2095|5065|8170|8210|4645|4547|8736,38990|15000|8000|3000|10000|10000|5000|5000|2000|2000|1000,96,102,0
389,12189|12194|12085|12075|3095|4065|8309|8339|5641|3348|8586,36990|20000|8000|4000|9000|9000|4000|4000|2000|2000|1000,95,101,0
390,12270|10280|12085|12075|4095|3065|8339|8309|3538|5447|8588|14601|12199,15990|5000|10000|7000|10000|10000|10000|10000|6000|6000|3000|5000|2000,100,106,0
391,12189|12200|12085|12075|5095|2065|8210|8170|4441|5348|8650,29990|25000|9000|5000|8000|8000|5000|5000|2000|2000|1000,95,101,0
392,12098|12100|12085|12075|2125|5035|8409|8139|5441|2448|8619,29990|30000|7000|4000|7000|7000|4000|4000|3000|3000|1000,95,101,0
393,12263|12143|12085|12075|3125|4035|8437|8109|3441|4448|8649,36990|15000|9000|4000|10000|10000|5000|5000|2000|2000|1000,95,101,0
394,12098|12100|12085|12075|4125|3035|8239|8040|5645|2647|8679,29990|30000|7000|4000|7000|7000|4000|4000|3000|3000|1000,96,102,0
395,12262|12144|12085|12075|5125|2035|8267|8011|3645|3547|8709,30990|20000|8000|4000|8000|8000|8000|8000|2000|2000|1000,96,102,0
396,12098|12100|12085|12075|3065|4125|8437|8267|2745|4540|8772,29990|30000|7000|4000|7000|7000|4000|4000|3000|3000|1000,97,103,0
397,12262|12143|12085|12075|4095|3035|8339|8210|4638|5540|8858,30990|20000|8000|4000|8000|8000|8000|8000|2000|2000|1000,97,103,0
398,12263|12144|12085|12075|5125|2095|8239|8309|3638|3540|8799,34990|15000|10000|5000|10000|10000|5000|5000|2000|2000|1000,97,103,0
399,12098|12100|12101|12086|12076|2037|3067|8012|8171|5438|5340|8832,20990|30000|15000|7000|4000|6000|6000|3000|3000|2000|2000|1000,98,104,0
400,12263|12194|12086|12076|4097|5127|8310|8140|3438|3340|8771,36990|20000|6000|2000|10000|10000|5000|5000|2000|2000|1000,98,104,0
401,12098|12100|12101|12086|12076|2011|3037|8211|8438|5545|2439|8512,20990|30000|15000|7000|4000|6000|6000|3000|3000|2000|2000|1000,98,104,0
402,12098|12100|12101|12086|12076|4067|5097|8240|8110|2645|3347|8650,18990|30000|15000|8000|5000|6000|6000|3000|3000|2000|2000|1000,99,105,0
403,12098|12100|12101|12086|12076|2127|3011|8041|8268|4338|2547|8652|12200,17990|30000|15000|8000|5000|6000|6000|3000|3000|2000|2000|1000|1000,100,106,0
404,12200|10280|12086|12076|4037|5067|8340|8410|5338|3447|8859|12227,23490|5000|15000|9000|10000|10000|7000|7000|5000|5000|3000|500,100,106,0
405,12263|12143|12086|12076|2097|3127|8410|8340|3338|4646|8680,34990|20000|7000|3000|10000|10000|5000|5000|2000|2000|1000,100,106,0
406,12099|10280|12086|12076|4011|5037|8268|8041|5647|5439|8620|12200|12221,24990|2000|10000|8000|10000|10000|7000|7000|5000|5000|3000|3000|5000,104,110,0
407,12263|12144|12086|12076|2067|3097|8110|8240|4345|5646|8710,32990|20000|8000|4000|10000|10000|5000|5000|2000|2000|1000,101,107,0
408,12143|12194|12086|12076|4127|5011|8438|8211|5345|2746|8834,42990|20000|6000|2000|8000|8000|4000|4000|2000|2000|1000,102,108,0
409,12189|12194|12086|12076|2037|3067|8140|8310|2445|4639|8800,36990|20000|8000|4000|9000|9000|4000|4000|2000|2000|1000,102,108,0
410,12099|12132|12086|12076|4097|5127|8171|8012|4445|3639|8773|12200,39990|20000|9000|5000|6000|6000|3000|3000|2000|2000|1000|3000,102,108,0
411,12099|12132|12086|12076|2011|3037|8012|8110|5445|5639|8514|12200,37990|20000|9000|5000|6000|6000|3000|3000|2000|2000|1000|5000,103,109,0
412,12143|12194|12086|12076|4067|5097|8310|8268|2545|2738|8544,42990|20000|6000|2000|8000|8000|4000|4000|2000|2000|1000,103,109,0
413,12099|10280|12086|12076|2127|3011|8211|8410|3440|4339|8567|12200|12226,17990|2000|10000|8000|10000|10000|7000|7000|5000|5000|3000|10000|5000,109,115,0
414,12143|12194|12086|12076|4037|5067|8240|8340|3647|3439|8566,42990|20000|6000|2000|8000|8000|4000|4000|2000|2000|1000,104,110,0
415,12099|10280|12086|12076|2097|3127|8041|8171|2546|4346|8587|12199|12226,17990|3000|12000|10000|10000|10000|7000|7000|5000|5000|3000|5000|5000,110,116,0
416,12143|12194|12086|12076|4011|5037|8340|8240|2747|5546|8568,40990|20000|7000|3000|8000|8000|4000|4000|2000|2000|1000,105,111,0
417,12143|12144|12086|12076|2067|3097|8410|8211|5640|3546|8513,40990|20000|7000|3000|8000|8000|4000|4000|2000|2000|1000,106,112,0
418,12143|12144|12086|12076|4127|5011|8268|8140|2739|4539|8543,40990|20000|7000|3000|8000|8000|4000|4000|2000|2000|1000,106,112,0
419,12133|12066|12086|12076|2037|3067|8110|8310|5547|5339|8737|12221,23990|5000|12000|10000|10000|10000|6000|6000|6000|6000|3000|2000,109,115,0
420,12143|12144|12086|12076|2037|3067|8013|8311|5440|2638|8621,38990|20000|8000|4000|8000|8000|4000|4000|2000|2000|1000,108,114,0
421,12143|12144|12086|12076|4097|5127|8042|8411|4446|3339|8774,38990|20000|8000|4000|8000|8000|4000|4000|2000|2000|1000,109,115,0
422,12270|10280|12086|12076|3037|4067|8111|8241|5438|5340|8711|14601|12199,19990|5000|10000|8000|9000|9000|6000|6000|5000|6000|3000|10000|3000,115,121,0
423,12143|12194|12086|12076|5097|2127|8141|8341|2740|5346|8917,29890|20000|9000|5000|10000|10000|5000|5000|3000|3000|100,111,117,0
424,12193|10144|12086|12076|4037|5067|8172|8212|2540|2446|8961,33890|25000|8000|4000|8000|8000|5000|4000|2000|2000|100,111,117,0
425,12194|12143|12086|12076|2097|3127|8269|8439|5645|2647|8910|12063,36890|20000|6000|2000|8000|8000|5000|5000|2000|2000|100|5000,112,118,0
426,12262|12144|12086|12076|5037|2067|8013|8311|2745|4540|8739,20990|15000|12000|8000|10000|10000|6000|6000|5000|5000|2000,113,119,0
427,12262|12144|12086|12076|3097|4127|8042|8411|4638|5540|8622,20990|15000|12000|8000|10000|10000|6000|6000|5000|5000|2000,113,119,0
428,12194|12143|12086|12076|2037|3067|8111|8241|3638|3540|8860|12065,35990|20000|6000|2000|8000|8000|5000|5000|2000|2000|1000|5000,113,119,0
429,12144|12066|12086|12076|4097|5127|8141|8341|4538|2447|8738|12199|12221,13990|10000|13000|9000|10000|10000|6000|6000|5000|5000|2000|5000|5000,117,123,0
430,12194|12143|12086|12076|3037|4067|8172|8212|4438|4340|8681|12063,33990|20000|7000|3000|8000|8000|5000|5000|2000|2000|1000|5000,114,120,0
431,12194|12143|12086|12076|5097|2127|8269|8439|3438|3340|8801|12065,33990|20000|7000|3000|8000|8000|5000|5000|2000|2000|1000|5000,115,121,0
432,12264|12143|12086|12076|4037|5067|8013|8311|2645|3347|8775,36990|20000|8000|4000|8000|8000|5000|5000|2000|2000|1000,116,122,0
433,12194|12143|12086|12076|2097|3127|8042|8411|3545|5347|8654|12063,31990|20000|8000|4000|8000|8000|5000|5000|2000|2000|1000|5000,116,122,0
434,12194|12143|12086|12076|5037|2067|8111|8241|5538|4447|8589|12065,31990|20000|8000|4000|8000|8000|5000|5000|2000|2000|1000|5000,117,123,0
435,12142|12194|12086|12076|2037|3067|8015|8343|3538|5447|8653,38990|20000|6000|2000|9000|9000|5000|5000|2000|2000|1000,118,124,0
436,12194|12143|12086|12076|4097|5127|8044|8214|5338|3447|8712|12063|12065,24990|20000|9000|5000|8000|8000|5000|5000|2000|2000|1000|5000|5000,119,125,0
437,12066|10280|12086|12076|3037|4067|8113|8271|2747|5546|8714|14601|12198|12212,10990|5000|12000|8000|9000|9000|7000|7000|6000|6000|2000|10000|5000|3000,125,131,0
438,12142|12194|12086|12076|5097|2127|8143|8313|4345|5646|8835,38990|20000|6000|2000|9000|9000|5000|5000|2000|2000|1000,120,126,0
439,12264|12143|12086|12076|4037|5067|8174|8413|5345|2746|8802,22990|20000|10000|5000|10000|10000|6000|6000|4000|4000|2000,121,127,0
440,12142|12194|12086|12076|2097|3127|8243|8441|2445|4639|8545,36990|20000|7000|3000|9000|9000|5000|5000|2000|2000|1000,121,127,0
441,12194|12144|12086|12076|5037|2067|8015|8343|4445|3639|8515,33990|20000|8000|5000|9000|9000|5000|5000|2000|2000|1000,121,127,0
442,12142|12194|12086|12076|3097|4127|8044|8214|5445|5639|8837,34990|20000|8000|4000|9000|9000|5000|5000|2000|2000|1000,122,128,0
443,12142|12194|12086|12076|2037|3067|8113|8271|2545|2738|8776,32990|20000|9000|5000|9000|9000|5000|5000|2000|2000|1000,123,129,0
444,12194|12144|12086|12076|4097|5127|8143|8313|4647|2538|8547,31990|20000|9000|6000|9000|9000|5000|5000|2000|2000|1000,124,130,0
445,12194|12200|12086|12076|3037|4067|8174|8413|5647|5439|8517,28990|20000|12000|8000|8000|8000|5000|5000|2000|2000|1000,124,130,0
446,12194|12200|12086|12076|5097|2127|8243|8441|4640|4546|8804,28990|20000|12000|8000|8000|8000|5000|5000|2000|2000|1000,125,131,0
447,12194|10281|12086|12076|4037|5067|8015|8343|4440|5539|8836|12198|12212,18990|5000|12000|8000|12000|12000|8000|8000|4000|4000|2000|3000|3000,128,134,0
448,12194|12200|12086|12076|2097|3127|8044|8214|3640|2646|8655,28990|20000|12000|8000|8000|8000|5000|5000|2000|2000|1000,126,132,0
449,12194|12265|12086|12076|5037|2067|8113|8247|5640|3546|8741,36990|20000|8000|4000|8000|8000|5000|5000|2000|2000|1000,127,133,0
450,12265|10281|12086|12076|3037|3067|8016|8314|3440|4339|8546|12198|12156,30990|5000|10000|7000|10000|10000|6000|6000|5000|5000|2000|2000|1000,133,139,0
451,12066|10281|12086|12076|3097|3127|8215|8244|5547|5339|8516|14601|12198|12151|12212,10990|5000|12000|8000|10000|10000|7000|7000|6000|6000|2000|10000|2000|1000|3000,135,141,0
452,12189|12027|12084|12074|4010|3010|8010|8169|4534|4239|8585,48000|20000|5000|2000|6000|6000|4000|4000|2000|2000|1000,78,84,0
453,12187|12101|12084|12074|4064|4124|8038|8208|5625|2426|8583,25000|30000|7000|4000|8000|7000|6000|6000|3000|3000|1000,70,76,0
454,12143|12194|12086|12076|4097|5127|8110|8340|3545|5347|8619,37000|20000|9000|5000|8000|8000|4000|4000|2000|2000|1000,99,105,0
455,12143|12144|12086|12076|2011|3037|8438|8240|4640|4546|8833,37000|20000|9000|5000|8000|8000|4000|4000|2000|2000|1000,105,111,0
456,12143|12144|12086|12076|3097|4127|8141|8346|3446|3346|8651,37000|20000|9000|5000|8000|8000|4000|4000|2000|2000|1000,110,116,0
457,12143|12144|12086|12076|2037|3067|8172|8218|3645|3547|8921,35900|20000|10000|6000|8000|8000|4000|4000|2000|2000|100,112,118,0
459,12143|12144|12086|12076|2037|3067|8172|8218|3645|3547|8921,35900|20000|10000|6000|8000|8000|4000|4000|2000|2000|100,95,101,0
460,12143|12144|12086|12076|2037|3067|8172|8218|3645|3547|8921,35900|20000|10000|6000|8000|8000|4000|4000|2000|2000|100,97,103,0
461,12143|12144|12086|12076|2037|3067|8172|8218|3645|3547|8921,35900|20000|10000|6000|8000|8000|4000|4000|2000|2000|100,99,105,0
462,12143|12144|12086|12076|2037|3067|8172|8218|3645|3547|8921,35900|20000|10000|6000|8000|8000|4000|4000|2000|2000|100,118,124,0
463,12143|12144|12086|12076|2037|3067|8172|8218|3645|3547|8921,35900|20000|10000|6000|8000|8000|4000|4000|2000|2000|100,101,107,0
464,12143|12144|12086|12076|2037|3067|8172|8218|3645|3547|8921,35900|20000|10000|6000|8000|8000|4000|4000|2000|2000|100,103,109,0
465,12143|12144|12086|12076|2037|3067|8172|8218|3645|3547|8921,35900|20000|10000|6000|8000|8000|4000|4000|2000|2000|100,120,126,0
466,12143|12144|12086|12076|2037|3067|8172|8218|3645|3547|8921,35900|20000|10000|6000|8000|8000|4000|4000|2000|2000|100,105,111,0
467,12143|12144|12086|12076|2037|3067|8172|8218|3645|3547|8921,35900|20000|10000|6000|8000|8000|4000|4000|2000|2000|100,107,113,0
468,12143|12144|12086|12076|2037|3067|8172|8218|3645|3547|8921,35900|20000|10000|6000|8000|8000|4000|4000|2000|2000|100,109,115,0
469,12143|12144|12086|12076|2037|3067|8172|8218|3645|3547|8921,35900|20000|10000|6000|8000|8000|4000|4000|2000|2000|100,124,130,0
470,12143|12144|12086|12076|2037|3067|8172|8218|3645|3547|8921,35900|20000|10000|6000|8000|8000|4000|4000|2000|2000|100,111,117,0
471,12143|12144|12086|12076|2037|3067|8172|8218|3645|3547|8921,35900|20000|10000|6000|8000|8000|4000|4000|2000|2000|100,113,119,0
472,12143|12144|12086|12076|2037|3067|8172|8218|3645|3547|8921,35900|20000|10000|6000|8000|8000|4000|4000|2000|2000|100,115,121,0
473,12143|12144|12086|12076|2037|3067|8172|8218|3645|3547|8921,35900|20000|10000|6000|8000|8000|4000|4000|2000|2000|100,130,136,0
475,12131|12132|12082|12072|2008|4008|8104|8234|5220|4219|8701,66990|20000|5000|2500|1000|1000|1000|1000|500|500|500,35,41,0
476,12131|12132|12082|12072|4008|2008|8262|8432|2323|4224|8983,67390|20000|5000|2500|1000|1000|1000|1000|500|500|100,40,46,0
477,12131|12132|12083|12073|5033|5123|8166|8405|4619|2518|8975,68890|20000|4000|2000|1000|1000|1000|1000|500|500|100,45,51,0
478,12131|12132|12083|12073|4093|4033|8263|8433|5518|4317|8703,68490|20000|4000|2000|1000|1000|1000|1000|500|500|500,50,56,0
479,12131|12132|12083|12073|2009|3009|8008|8306|2327|5227|8534,68490|20000|4000|2000|1000|1000|1000|1000|500|500|500,55,61,0
480,12131|12132|12083|12073|2009|2009|8008|8306|3238|3239|8675,68490|20000|4000|2000|1000|1000|1000|1000|500|500|500,60,66,0
481,12131|12132|12084|12074|5034|5094|8137|8337|5626|4424|8705,69990|20000|3000|1500|1000|1000|1000|1000|500|500|500,65,71,0
482,12131|12132|12084|12074|5094|4094|8265|8435|4233|4232|8615,69990|20000|3000|1500|1000|1000|1000|1000|500|500|500,70,76,0
483,12131|12132|12084|12074|5010|2010|8266|8039|4233|4232|8733,69990|20000|3000|1500|1000|1000|1000|1000|500|500|500,75,81,0
484,12131|12132|12084|12074|5010|2010|8266|8039|4237|4334|8968,70390|20000|3000|1500|1000|1000|1000|1000|500|500|100,80,86,0
485,12131|12132|12085|12075|2035|5125|8170|8210|5333|3332|8976,71890|20000|2000|1000|1000|1000|1000|1000|500|500|100,85,91,0
486,12131|12132|12085|12075|3125|4035|8437|8109|2541|2648|8678,71490|20000|2000|1000|1000|1000|1000|1000|500|500|500,90,96,0
487,12131|10280|12083|12073|4093|4033|8263|8433|3518|5317|8731,49990|1000|8000|6000|9000|9000|6000|6000|2000|2000|1000,50,56,0
488,12132|10280|12084|12074|5094|4094|8265|8435|4234|4235|8644|12198,49990|3000|7000|5000|8000|8000|5000|5000|2000|2000|1000|4000,70,76,0
489,12099|12132|12085|12075|3125|4035|8437|8109|2641|3548|8708,28990|20000|9000|5000|8000|7000|6000|6000|4000|4000|2000,90,96,0
490,12131|12132|12082|12072|4008|2008|8262|8432|3223|2324|8967,55790|27000|6000|3000|2000|2000|1000|1000|1000|1000|200,40,46,0
491,12131|12132|12083|12073|4093|4033|8263|8433|2618|3317|8642,53490|30000|5000|2500|2000|2000|1000|1000|1000|1000|1000,50,56,0
492,12131|10280|12083|12073|2009|2009|8008|8306|2337|2339|8705,30990|2000|15000|8000|10000|10000|7000|7000|4000|4000|2000,60,66,0
493,12131|10280|12084|12074|5094|4094|8265|8435|4233|4232|8615,22990|3000|18000|12000|10000|10000|7000|7000|4000|4000|2000,70,76,0
494,12017|12132|12084|12074|5010|2010|8266|8039|4238|4634|8976,36790|30000|5000|2000|7000|7000|4000|4000|2000|2000|200,80,86,0
495,12017|12132|12085|12075|3125|4035|8437|8109|2441|4541|8735,37990|30000|3000|1000|7000|7000|4000|4000|2000|2000|2000,90,96,0
496,12132|12133|12082|12072|3008|3008|8262|8432|2718|2417|8852,23990|5000|12000|8000|10000|10000|7000|7000|6000|6000|5000,50,56,0
497,12132|10280|12084|12074|4094|3094|8168|8407|4234|4235|8644|12199,21990|3000|14000|10000|10000|10000|7000|7000|6000|6000|3000|2000,70,76,0
498,12017|10280|12085|12075|4035|3125|8109|8437|4648|5541|8648,31990|5000|10000|8000|9000|9000|7000|7000|5000|5000|3000,90,96,0
500,12399|12400|10615|10696|10834|10835|10691|10844|10845,30000|30000|7000|7000|7000|7000|7000|2500|2500,19,25,0
501,12399|12400|10615|10696|10834|10835|10691|10844|10845,30000|30000|7000|7000|7000|7000|7000|2500|2500,23,29,0
502,12399|12400|10758|10679|10615|10696|10834|10835|10691|10844|10845,30000|30000|5000|5000|5000|5000|5000|5000|5000|2500|2500,27,33,0
503,12399|12400|10758|10679,30000|30000|20000|20000,31,37,0
504,12399|12400|10758|10679,30000|30000|20000|20000,35,41,0
505,12399|12400,50000|50000,39,45,0
506,12399|12400,50000|50000,43,49,0
507,12399|12400|10624,35000|35000|30000,47,53,0
508,12399|12400|10695|10702|10827|10831|10624,30000|30000|8000|8000|8000|8000|8000,51,57,0
509,12399|12400|10695|10702|10827|10831|10624,30000|30000|8000|8000|8000|8000|8000,55,61,0
510,12399|12400|10695|10702|10827|10831|10770|10773,30000|30000|8000|8000|8000|8000|4000|4000,59,65,0
511,12399|12400|10770|10773,30000|30000|20000|20000,63,69,0
512,12399|12400|10828|10629|10633|10637|10680|10774|10775|10623|10829|10684|10686|10756|10770|10773,30000|30000|3000|3000|3000|3000|3000|3000|3000|3000|3000|3000|3000|3000|2000|2000,67,73,0
513,12399|12400|10828|10629|10633|10637|10680|10774|10775|10623|10829|10684|10686|10756,30000|30000|3337|3333|3333|3333|3333|3333|3333|3333|3333|3333|3333|3333,71,77,0
514,12399|12400|10828|10629|10633|10637|10680|10774|10775|10623|10829|10684|10686|10756,30000|30000|3337|3333|3333|3333|3333|3333|3333|3333|3333|3333|3333|3333,75,81,0
515,12399|12400,50000|50000,79,85,0
516,12399|12400,50000|50000,83,89,0
517,12399|12400,50000|50000,87,93,0
518,12399|12400,50000|50000,91,97,0
519,12399|12400,50000|50000,95,101,0
520,12399|12400|10721|10471|10472|10736|10737|10739|10778|10444|10467|10481|10482|10484|10485|10486|10562|10565,30000|30000|2500|2500|2500|2500|2500|2500|2500|2500|2500|2500|2500|2500|2500|2500|2500|2500,99,105,0
521,12399|12400|10721|10471|10472|10736|10737|10739|10778|10444|10467|10481|10482|10484|10485|10486|10562|10565,30000|30000|2500|2500|2500|2500|2500|2500|2500|2500|2500|2500|2500|2500|2500|2500|2500|2500,103,109,0
522,12399|12400|10721|10471|10472|10736|10737|10739|10778|10444|10467|10709|10481|10482|10484|10485|10486|10781|10799|10800,30000|30000|2226|2222|2222|2222|2222|2222|2222|2222|2222|2222|2222|2222|2222|2222|2222|2222|2222|2222,107,113,0
523,12399|12400|10709|10781|10799|10800|10562|10565,30000|30000|6670|6666|6666|6666|6666|6666,111,117,0
524,12399|12400|10709|10781|10799|10800|10562|10565,30000|30000|6670|6666|6666|6666|6666|6666,115,121,0
525,12399|12400|10784|10797|10802|10451|10454|10673|10671|10715|10723|10814|10812|10813,30000|30000|3337|3333|3333|3333|3333|3333|3333|3333|3333|3333|3333|3333,119,125,0
526,12399|12400|10784|10797|10802|10451|10454|10673|10671|10715|10723|10814|10812|10813,30000|30000|3337|3333|3333|3333|3333|3333|3333|3333|3333|3333|3333|3333,123,129,0
527,12399|12400|10784|10797|10802|10451|10454|10804|10806|10452|10455|10673|10671|10715|10723|10814|10812|10813,30000|30000|2500|2500|2500|2500|2500|2500|2500|2500|2500|2500|2500|2500|2500|2500|2500|2500,127,133,0
528,12399|12400|10804|10806|10452|10455|10562|10565,30000|30000|6670|6666|6666|6666|6666|6666,131,137,0
529,12399|12400|10804|10806|10452|10455|10562|10565,30000|30000|6670|6666|6666|6666|6666|6666,135,141,0
530,12399|12400|10646|10657|10662|10667,30000|30000|10000|10000|10000|10000,139,145,0
531,12399|12400|10643|10654|10674|10659|10664|10669|10646|10657|10662|10667|10731|10735,30000|30000|3337|3333|3333|3333|3333|3333|3333|3333|3333|3333|3333|3333,143,149,0
532,12399|12400|10643|10654|10674|10659|10664|10669|10646|10657|10662|10667|10711|10731|10735,30000|30000|4000|3000|3000|3000|3000|3000|3000|3000|3000|3000|3000|3000|3000,147,153,0
533,12399|12400|10643|10654|10674|10659|10664|10669|10711|10731|10735,30000|30000|4480|4440|4440|4440|4440|4440|4440|4440|4440,151,157,0
534,12399|12400|10711,35000|35000|30000,155,161,0
535,12399|12400,50000|50000,159,165,0
536,12399|12400,50000|50000,163,169,0
537,12399|12400|10461|10462,30000|30000|20000|20000,167,173,0
538,12399|12400|10461|10462,30000|30000|20000|20000,171,177,0
539,12399|12400|10461|10462,30000|30000|20000|20000,175,181,0
540,12399|12400,50000|50000,179,185,0
541,12399|12400,50000|50000,183,189,0
542,12399|12400,50000|50000,187,193,0
543,12399|12400,50000|50000,191,197,0
544,12399|12400,50000|50000,195,201,0
545,12399|12400,50000|50000,199,205,0
560,12271|12280|12086|12076|4037|5067|8218|8317|2740|5346|8713|12177,23990|30000|5000|2000|8000|8000|4000|4000|2000|2000|1000|10000,150,156,0
561,12271|12280|12086|12076|3037|2067|8346|8247|2640|2440|8803|12177,23990|30000|5000|2000|8000|8000|4000|4000|2000|2000|1000|10000,151,157,0
562,12271|12280|12086|12076|2037|3067|8018|8418|4578|2778|8861|12177,23990|30000|5000|2000|8000|8000|4000|4000|2000|2000|1000|10000,152,158,0
563,12271|12280|12086|12076|5037|4067|8275|8116|5578|5678|8740|12177,23990|30000|5000|2000|8000|8000|4000|4000|2000|2000|1000|10000,153,159,0
564,12271|12280|12086|12076|4097|5127|8047|8146|3578|3378|8682|12177,23990|30000|5000|2000|8000|8000|4000|4000|2000|2000|1000|10000,154,160,0
565,12279|12272|12086|12076|3097|2127|8218|8317|4678|2478|8777,33990|30000|5000|2000|8000|8000|4000|4000|2000|2000|1000,155,161,0
566,12271|12278|12086|12076|2097|3127|8346|8247|3678|4478|8993,34890|30000|5000|2000|8000|8000|4000|4000|2000|2000|100,156,162,0
567,12271|12278|12086|12076|5097|4127|8018|8418|5678|3478|8942,34890|30000|5000|2000|8000|8000|4000|4000|2000|2000|100,157,163,0
568,12272|12282|12086|12076|4037|5067|8275|8116|5478|2578|8954,34890|30000|5000|2000|8000|8000|4000|4000|2000|2000|100,158,164,0
569,12282|12133|12086|12076|3037|2067|8047|8177|5578|5678|8985,34890|30000|5000|2000|8000|8000|4000|4000|2000|2000|100,159,165,0
570,12272|12282|12086|12076|2037|3067|8219|8318|3578|3378|8969,34890|30000|5000|2000|8000|8000|4000|4000|2000|2000|100,160,166,0
571,12272|12282|12086|12076|5037|4067|8347|8219|2678|5378|8977,34890|30000|5000|2000|8000|8000|4000|4000|2000|2000|100,160,166,0
572,12272|12282|12086|12076|4097|5127|8019|8418|4678|2478|8903,34890|30000|5000|2000|8000|8000|4000|4000|2000|2000|100,161,167,0
573,12282|12133|12086|12076|3097|2127|8276|8117|3678|4478|8928|10281,33890|30000|5000|2000|8000|8000|4000|4000|2000|2000|100|1000,162,168,0
574,12272|12282|12086|12076|2097|3127|8048|8147|5478|2578|8934,34890|30000|5000|2000|8000|8000|4000|4000|2000|2000|100,163,169,0
575,12282|12133|12086|12076|5097|4127|8178|8220|4578|2778|8742|10281,32990|30000|5000|2000|8000|8000|4000|4000|2000|2000|1000|1000,164,170,0
576,12272|12282|12086|12076|4037|5067|8318|8347|5578|5678|8623,33990|30000|5000|2000|8000|8000|4000|4000|2000|2000|1000,165,171,0
577,12282|10281|12086|12076|3037|2067|8248|8019|3578|3378|8657|12200,31990|2000|8000|6000|10000|10000|7000|7000|5000|5000|3000|5000,165,171,0
578,12272|12282|12086|12076|2037|3067|8418|8276|2678|5378|8684,33990|30000|5000|2000|8000|8000|4000|4000|2000|2000|1000,166,172,0
579,12272|12282|12086|12076|5037|4067|8117|8048|3678|4478|8590,32990|30000|6000|2000|8000|8000|4000|4000|2000|2000|1000,167,173,0
580,12272|12282|12086|12076|4097|5127|8148|8178|5678|3478|8839|10281,31990|30000|6000|2000|8000|8000|4000|4000|2000|2000|1000|1000,168,174,0
581,12272|12282|12086|12076|3097|2127|8418|8276|5478|2578|8778,32990|30000|6000|2000|8000|8000|4000|4000|2000|2000|1000,169,175,0
582,12282|12133|12086|12076|2097|3127|8020|8419|4578|2778|8519,32990|30000|6000|2000|8000|8000|4000|4000|2000|2000|1000,170,176,0
583,12282|10281|12086|12076|5097|4127|8249|8348|5578|5678|8549|14601|12200,25990|2000|8000|6000|10000|10000|7000|7000|4000|3000|2000|10000|5000,170,176,0
584,12282|10281|12086|12076|4037|5067|8277|8118|5578|5678|8838|12200,25990|3000|10000|6500|10000|10000|7500|7500|5500|5500|3500|5000,175,181,0
585,12282|10281|12086|12076|3037|2067|8148|8220|4578|2778|8863|14601|12200,10990|5000|12000|7000|10000|10000|8000|8000|6000|6000|4000|10000|3000,180,186,0
586,12193|12195|12083|12073|3063|3093|8007|8305|4618|4417|8793,42990|20000|6000|2000|8000|8000|4000|4000|2000|2000|1000,50,56,0
587,12193|12195|12083|12073|4063|4093|8036|8206|5318|2619|8674,42990|20000|6000|2000|8000|8000|4000|4000|2000|2000|1000,51,57,0
588,12193|12195|12083|12073|2093|2033|8135|8335|2519|2419|8853,40990|20000|7000|3000|8000|8000|4000|4000|2000|2000|1000,52,58,0
589,12193|12195|12083|12073|3093|3033|8166|8405|3226|5225|8614,38990|20000|8000|4000|8000|8000|4000|4000|2000|2000|1000,53,59,0
590,12189|12261|12083|12073|4093|4033|8263|8433|2326|4227|8643,41990|20000|7000|2000|8000|8000|4000|4000|2000|2000|1000,54,60,0
591,12189|12261|12083|12073|5093|5033|8008|8306|5234|2334|8823,39990|20000|8000|3000|8000|8000|4000|4000|2000|2000|1000,55,61,0
592,12261|12195|12083|12073|5093|2063|8037|8207|3234|3232|8916|10281,30390|20000|8000|3000|10000|10000|6000|6000|3000|3000|100|500,56,62,0
593,12261|12195|12083|12073|3009|4009|8136|8336|4229|2330|8920|10281,28390|20000|9000|4000|10000|10000|6000|6000|3000|3000|100|500,57,63,0
594,12261|12193|12083|12073|4009|5009|8167|8406|3230|5228|8732,37990|20000|9000|4000|8000|8000|4000|4000|2000|2000|1000,58,64,0
595,12261|12193|12083|12073|2009|3009|8008|8306|2331|5231|8503,37990|20000|9000|4000|8000|8000|4000|4000|2000|2000|1000,59,65,0
596,12261|12193|12083|12073|2009|3009|8167|8406|2338|5527|8562,37990|20000|9000|4000|8000|8000|4000|4000|2000|2000|1000,60,66,0
597,12261|12193|12083|12073|3009|4009|8264|8434|2527|4527|8705,37990|20000|9000|4000|8000|8000|4000|4000|2000|2000|1000,61,67,0
598,12261|12193|12083|12073|4009|4009|8167|8406|2427|3427|8795,37990|20000|9000|4000|8000|8000|4000|4000|2000|2000|1000,62,68,0
599,12028|12267|12083|12073|2009|2009|8008|8306|3526|5325|8705,37990|20000|9000|4000|8000|8000|4000|4000|2000|2000|1000,63,69,0
600,12028|12267|12083|12073|2009|2009|8008|8306|4426|2425|8795,37990|20000|9000|4000|8000|8000|4000|4000|2000|2000|1000,64,70,0
601,12028|12267|12083|12073|4009|3009|8264|8434|4326|3424|8824,37990|20000|9000|4000|8000|8000|4000|4000|2000|2000|1000,65,71,0
602,12028|12267|12084|12074|2034|2094|8009|8307|3326|5424|8535,34990|25000|7000|3000|8000|8000|5000|4000|2000|2000|1000,66,72,0
603,12028|12267|12084|12074|3034|3094|8038|8208|4525|5624|8615,34990|25000|7000|3000|8000|8000|5000|4000|2000|2000|1000,67,73,0
604,12028|12267|12084|12074|4034|4094|8107|8237|3425|5324|8854,34990|25000|7000|3000|8000|8000|5000|4000|2000|2000|1000,68,74,0
605,12028|12267|12084|12074|5034|5094|8137|8337|2725|2626|8504,34990|25000|7000|3000|8000|8000|5000|4000|2000|2000|1000,69,75,0
606,12267|12144|12084|12074|5094|5064|8038|8208|5526|4325|8563,23990|20000|10000|6000|10000|10000|7000|5000|3000|3000|2000,70,76,0
607,12193|10280|12084|12074|5034|4034|8038|8208|4237|4334|8615|12199,18990|4000|12000|8000|10000|10000|8000|8000|6000|6000|4000|5000,75,81,0
608,12144|10280|12084|12074|2010|5010|8039|8266|4236|4434|8902|12198|10281,20690|5000|12000|8000|10000|10000|8000|8000|6000|6000|300|5000|1000,80,86,0
609,12282|12133|12086|12076|2042|2072|8218|8317|3578|3378|8656|10281,41500|15000|7000|3000|9000|9000|5000|5000|2000|2000|1000|500,170,176,0
610,12282|12133|12086|12076|2102|2132|8346|8247|4678|2478|8862|10281,41500|15000|7000|3000|9000|9000|5000|5000|2000|2000|1000|500,171,177,0
611,12282|12133|12086|12076|3042|3072|8018|8418|3678|4478|8683|10281,41500|15000|7000|3000|9000|9000|5000|5000|2000|2000|1000|500,172,178,0
612,12282|12133|12086|12076|3102|3132|8275|8116|5678|3478|8779|10281,41500|15000|7000|3000|9000|9000|5000|5000|2000|2000|1000|500,173,179,0
613,12282|12133|12086|12076|4042|4072|8047|8146|5478|2578|8715|10281,41500|15000|7000|3000|9000|9000|5000|5000|2000|2000|1000|500,174,180,0
614,12282|12133|12086|12076|4102|4132|8218|8317|3578|3378|8805|10281,41500|15000|7000|3000|9000|9000|5000|5000|2000|2000|1000|500,175,181,0
615,12282|12133|12086|12076|5042|5072|8346|8247|2678|5378|8518|10281,41500|15000|7000|3000|9000|9000|5000|5000|2000|2000|1000|500,176,182,0
616,12282|12133|12086|12076|5102|5132|8018|8418|4678|2478|8548|10281,41500|15000|7000|3000|9000|9000|5000|5000|2000|2000|1000|500,177,183,0
617,12282|12133|12086|12076|2042|2072|8275|8116|3678|4478|8781|10281,41500|15000|7000|3000|9000|9000|5000|5000|2000|2000|1000|500,178,184,0
618,12282|12133|12086|12076|2102|2132|8047|8177|5478|2578|8717,40000|15000|8000|4000|9000|9000|5000|5000|2000|2000|1000,179,185,0
619,12282|12133|12086|12076|3042|3072|8219|8318|5578|5678|8841,36000|15000|8000|4000|10000|10000|6000|6000|2000|2000|1000,180,186,0
620,12282|12133|12086|12076|3102|3132|8347|8248|3578|3378|8780,36000|15000|8000|4000|10000|10000|6000|6000|2000|2000|1000,181,187,0
621,12282|12133|12086|12076|4042|4072|8019|8418|2678|5378|8521,36000|15000|8000|4000|10000|10000|6000|6000|2000|2000|1000,182,188,0
622,12282|12133|12086|12076|4102|4132|8276|8117|3678|4478|8551,36000|15000|8000|4000|10000|10000|6000|6000|2000|2000|1000,183,189,0
623,12282|12133|12086|12076|5042|5072|8048|8147|5678|3478|8744,36000|15000|8000|4000|10000|10000|6000|6000|2000|2000|1000,184,190,0
624,12282|12133|12086|12076|5102|5132|8178|8219|5478|2578|8659,36000|15000|8000|4000|10000|10000|6000|6000|2000|2000|1000,185,191,0
625,12282|12133|12086|12076|2042|2072|8318|8347|4578|2778|8716,36000|15000|8000|4000|10000|10000|6000|6000|2000|2000|1000,186,192,0
626,12282|12133|12086|12076|2102|2132|8248|8019|3578|3378|8591|10281,35000|15000|8000|4000|10000|10000|6000|6000|2000|2000|1000|1000,187,193,0
627,12282|12133|12086|12076|3042|3072|8418|8276|2678|5378|8625|10281,35000|15000|8000|4000|10000|10000|6000|6000|2000|2000|1000|1000,188,194,0
628,12282|12133|12086|12076|3102|3132|8117|8048|4678|2478|8840|10281,35000|15000|8000|4000|10000|10000|6000|6000|2000|2000|1000|1000,189,195,0
629,12282|12133|12086|12076|4042|4072|8147|8178|3678|4478|8520|10281,35000|15000|8000|4000|10000|10000|6000|6000|2000|2000|1000|1000,190,196,0
630,12282|10281|12086|12076|4102|4132|8418|8276|3678|4478|8658|12200,14990|5000|15000|9000|10000|10000|9000|9000|6000|6000|3000|3000,195,201,0
631,12040|10281|12086|12076|5042|5072|8020|8419|3678|4478|8661|12200,20990|5000|10000|8000|10000|10000|8000|8000|6000|6000|3000|5000,200,206,0
632,12010|12201|12086|12076|2102|2132|8047|8177|5678|3478|8550|10281|12291|12295|12064,23500|15000|8000|4000|8000|8000|4000|4000|2000|2000|1000|500|10000|5000|5000,190,196,0
633,12011|12202|12086|12076|3042|3072|8219|8318|4578|2778|8624|10281|12291|12295|12064,23500|15000|8000|4000|8000|8000|4000|4000|2000|2000|1000|500|10000|5000|5000,191,197,0
634,12012|12203|12086|12076|3102|3132|8347|8248|5578|5678|8743|10281|12292|12296|12061,23500|15000|8000|4000|8000|8000|4000|4000|2000|2000|1000|500|10000|5000|5000,192,198,0
635,12013|12204|12086|12076|4042|4072|8019|8418|3578|3378|8685|10281|12292|12296|12062,23500|15000|8000|4000|8000|8000|4000|4000|2000|2000|1000|500|10000|5000|5000,193,199,0
636,12014|12205|12086|12076|4102|4132|8276|8117|2678|5378|8592|10281|12293|12297|12068,23500|15000|8000|4000|8000|8000|4000|4000|2000|2000|1000|500|10000|5000|5000,194,200,0
637,12015|12206|12086|12076|5042|5072|8048|8147|5678|3478|8842|10281|12294|12298|12066,23500|15000|8000|4000|8000|8000|4000|4000|2000|2000|1000|500|10000|5000|5000,195,201,0
638,12018|12221|12086|12076|4102|4132|8418|8276|5478|2578|8593|12200,19990|5000|12000|8000|10000|10000|8000|8000|6000|6000|3000|4000,205,211,0
639,12281|12132|12086|12076|5102|5132|8178|8219|5478|2578|8522|10027,27000|20000|9000|5000|8000|8000|4000|4000|2000|2000|1000|10000,196,202,0
640,12281|12132|12086|12076|2042|2072|8318|8347|4578|2778|8552|10027,27000|20000|9000|5000|8000|8000|4000|4000|2000|2000|1000|10000,197,203,0
641,12281|12132|12086|12076|2102|2132|8248|8019|5578|5678|8627|10028,27000|20000|9000|5000|8000|8000|4000|4000|2000|2000|1000|10000,198,204,0
642,12281|12132|12086|12076|3042|3072|8418|8276|3578|3378|8594|10028,27000|20000|9000|5000|8000|8000|4000|4000|2000|2000|1000|10000,198,204,0
643,12039|12196|12086|12076|3102|3132|8117|8048|4678|2478|8626|10042,32000|15000|9000|5000|8000|8000|4000|4000|2000|2000|1000|10000,199,205,0
644,12035|12091|12086|12076|4042|4072|8147|8178|5678|3478|8843|10042,32000|15000|9000|5000|8000|8000|4000|4000|2000|2000|1000|10000,200,206,0
645,12038|12091|12086|12076|4042|4072|8147|8178|5478|2578|8782|10042,32000|15000|9000|5000|8000|8000|4000|4000|2000|2000|1000|10000,200,206,0
646,12040|12196|12086|12076|4042|4072|8147|8178|5478|2578|8782|10042,32000|15000|9000|5000|8000|8000|4000|4000|2000|2000|1000|10000,200,206,0
647,12281|10281|12086|12076|4102|3132|8019|8419|4578|2778|8660|12200|12152,22990|5000|12000|8000|9000|9000|7000|7000|5000|5000|3000|3000|4000,210,216,0
648,12281|10281|12086|12076|4102|3132|8019|8419|4578|2778|8660|12200|12152,22990|5000|12000|8000|9000|9000|7000|7000|5000|5000|3000|3000|4000,100,106,0
649,12011|12291|12292|12293|12294|12295|12296|12297|12298|12299,17000|10000|10000|10000|10000|10000|10000|10000|10000|3000,120,126,0
650,12011|12291|12292|12293|12294|12295|12296|12297|12298|12299,15000|10000|10000|10000|10000|10000|10000|10000|10000|5000,150,156,0
660,12142|12143|12086|12076|5097|2127|8143|8313|4345|5646|8835|12064,46990|15000|3000|1000|8000|8000|4000|4000|2000|2000|1000|5000,120,126,0
661,12143|12144|12086|12076|4097|5127|8143|8313|4647|2538|8547|12065,46990|15000|3000|1000|8000|8000|4000|4000|2000|2000|1000|5000,123,129,0
662,12142|12143|12086|12076|2097|3127|8044|8214|3640|2646|8655|12064,46990|15000|3000|1000|8000|8000|4000|4000|2000|2000|1000|5000,126,132,0
663,12143|12144|12086|12076|5037|2067|8113|8271|5640|3546|8741|12065,44990|15000|4000|2000|8000|8000|4000|4000|2000|2000|1000|5000,129,135,0
664,12142|12143|12086|12076|3037|4067|8174|8413|5647|5439|8517|12064,44990|15000|4000|2000|8000|8000|4000|4000|2000|2000|1000|5000,122,128,0
665,12143|12144|12086|12076|2097|3127|8044|8214|3640|2646|8655|12065,44990|15000|4000|2000|8000|8000|4000|4000|2000|2000|1000|5000,125,131,0
666,12142|12143|12086|12076|5037|2067|8113|8271|5640|3546|8741|12064,43490|15000|5000|2500|8000|8000|4000|4000|2000|2000|1000|5000,128,134,0
667,12143|12144|12086|12076|5037|2067|8113|8271|5640|3546|8741|12065,43490|15000|5000|2500|8000|8000|4000|4000|2000|2000|1000|5000,131,137,0
668,12142|12143|12086|12076|4097|5127|8143|8313|4647|2538|8547|12064,43490|15000|5000|2500|8000|8000|4000|4000|2000|2000|1000|5000,130,136,0
669,12143|12144|12086|12076|3037|4067|8174|8413|5647|5439|8517|12065,41990|15000|6000|3000|8000|8000|4000|4000|2000|2000|1000|5000,134,140,0
670,12142|12143|12086|12076|5097|2127|8243|8441|4640|4546|8804|12064,41990|15000|6000|3000|8000|8000|4000|4000|2000|2000|1000|5000,135,141,0
671,12143|12144|12086|12076|5097|2127|8243|8441|4640|4546|8804|12065,41990|15000|6000|3000|8000|8000|4000|4000|2000|2000|1000|5000,138,144,0
672,12142|12143|12086|12076|5097|2127|8143|8313|4345|5646|8835|12064,40490|15000|7000|3500|8000|8000|4000|4000|2000|2000|1000|5000,133,139,0
673,12143|12144|12086|12076|4097|5127|8143|8313|4647|2538|8547|12065,40490|15000|7000|3500|8000|8000|4000|4000|2000|2000|1000|5000,136,142,0
674,12142|12143|12086|12076|2097|3127|8044|8214|3640|2646|8655|12064,40490|15000|7000|3500|8000|8000|4000|4000|2000|2000|1000|5000,139,145,0
675,12142|12143|12086|12076|5037|2067|8113|8271|5640|3546|8741|12065,38990|15000|8000|4000|8000|8000|4000|4000|2000|2000|1000|5000,141,147,0
676,12143|12144|12086|12076|3037|4067|8174|8413|5647|5439|8517|12064,38990|15000|8000|4000|8000|8000|4000|4000|2000|2000|1000|5000,146,152,0
677,12143|12144|12086|12076|2097|3127|8044|8214|3640|2646|8655|12065,38990|15000|8000|4000|8000|8000|4000|4000|2000|2000|1000|5000,142,148,0
678,12143|12144|12086|12076|4037|5067|8218|8317|2740|5346|8713|12064,37490|15000|9000|4500|8000|8000|4000|4000|2000|2000|1000|5000,145,151,0
679,12143|12144|12086|12076|3037|2067|8346|8247|2640|2440|8803|12065,37490|15000|9000|4500|8000|8000|4000|4000|2000|2000|1000|5000,147,153,0
680,12143|12144|12086|12076|2037|3067|8018|8418|4578|2778|8861|12064,37490|15000|9000|4500|8000|8000|4000|4000|2000|2000|1000|5000,149,155,0
681,12143|12144|12086|12076|4097|5127|8047|8146|3578|3378|8682|12065,35990|15000|10000|5000|8000|8000|4000|4000|2000|2000|1000|5000,152,158,0
682,12144|10281|12086|12076|3037|2067|8248|8019|3578|3378|8657|12200|12212,19490|5000|10000|5000|10000|10000|10000|10000|6000|6000|3000|2500|3000,159,165,0
683,12144|10281|12086|12076|3097|3127|8215|8244|5547|5339|8516|12198|12212,19490|5000|10000|5000|10000|10000|10000|10000|6000|6000|3000|2500|3000,157,163,0
684,12144|10281|12086|12076|5097|4127|8249|8348|5578|5678|8549|12200|12212,15990|5000|12000|6000|10000|10000|10000|10000|6000|6000|3000|3000|3000,165,171,0
685,12144|10281|12086|12076|5097|4127|8249|8348|5578|5678|8549|14601|12200,14990|5000|12000|7000|9000|9000|6000|6000|5000|5000|3000|10000|8000,167,173,0
686,12194|12144|12086|12076|5097|4127|8018|8418|5678|3478|8942,46890|20000|8000|3000|6000|6000|3000|3000|2000|2000|100,158,164,0
687,12194|12144|12086|12076|4037|5067|8275|8116|5478|2578|8954,46890|20000|8000|3000|6000|6000|3000|3000|2000|2000|100,159,165,0
688,12194|12144|12086|12076|3037|2067|8047|8177|5578|5678|8985,46890|20000|8000|3000|6000|6000|3000|3000|2000|2000|100,159,165,0
691,10001001|10001006|10001011|10001014|10001020,33000|33000|33000|500|500,193,199,0
692,10001002|10001007|10001012|10001015|10001021,33000|33000|33000|500|500,194,200,0
693,10001003|10001008|10001013|10001016|10001022,33000|33000|33000|500|500,195,201,0
694,10001004|10001009|10001001|10001017|10001023,33000|33000|33000|500|500,196,202,0
695,10001005|10001010|10001002|10001018|10001024,33000|33000|33000|500|500,197,203,0
696,10001006|10001011|10001003|10001019|10001025,33000|33000|33000|500|500,198,204,0
697,10001007|10001012|10001004|10001026|10001014,33000|33000|33000|500|500,199,205,0
698,10001008|10001002|10001005|10001015|10001023,33000|33000|33000|500|500,200,206,0
699,10001014|10001022|10001026|10001023|10001027|10001028,24000|24000|24000|24000|2000|2000,250,256,0
700,10001001|10001002|10001005|10001019|10001020|10001027,33000|33000|33000|500|400|100,205,211,0
