id,items,amount
1,12071|0|0|0,1|0|0|0
2,12072|0|0|0,1|0|0|0
3,12073|0|0|0,1|0|0|0
4,12074|0|0|0,1|0|0|0
5,12075|0|0|0,1|0|0|0
6,12076|0|0|0,1|0|0|0
7,12077|0|0|0,1|0|0|0
8,12078|0|0|0,1|0|0|0
9,12079|0|0|0,1|0|0|0
10,12080|0|0|0,1|0|0|0
11,12081|0|0|0,1|0|0|0
12,12082|0|0|0,1|0|0|0
13,12083|0|0|0,1|0|0|0
14,12084|0|0|0,1|0|0|0
15,12085|0|0|0,1|0|0|0
16,12086|0|0|0,1|0|0|0
17,12087|0|0|0,1|0|0|0
18,12088|0|0|0,1|0|0|0
19,12089|0|0|0,1|0|0|0
20,12090|0|0|0,1|0|0|0
21,12445|0|0|0,1|0|0|0
22,12446|0|0|0,1|0|0|0
23,12447|0|0|0,1|0|0|0
24,12448|0|0|0,1|0|0|0
31,12501|0|0|0,1|0|0|0
32,12502|0|0|0,1|0|0|0
49,12051|12177|12095|0,10|5|4|0
50,12052|12091|12178|0,15|5|4|0
51,12053|12091|12181|0,15|4|4|0
52,12044|12092|12186|0,18|3|3|0
53,12054|12185|12095|0,20|3|4|0
54,12055|12091|12095|0,17|3|3|0
55,12035|12094|12097|0,20|4|2|0
56,12045|12095|12097|0,13|4|4|0
57,12033|12092|12097|0,25|4|3|0
58,12005|12102|12095|0,15|2|2|0
64,12032|12121|12171|0,15|5|5|0
65,12033|12121|12172|0,30|6|6|0
66,12034|12121|12172|0,25|6|6|0
67,12034|12121|12091|0,25|6|2|0
68,12035|12122|12091|0,20|4|4|0
69,12045|12123|12095|0,20|3|1|0
76,12031|12094|12171|0,10|5|5|0
77,12032|12094|12172|0,10|5|5|0
78,12054|12095|12185|0,20|5|5|0
106,12002|12363|12122|0,3|1|1|0
107,12004|12365|12123|0,3|2|2|0
108,12006|12367|12124|0,6|3|3|0
109,12008|12369|12124|0,8|4|4|0
110,12010|12370|12125|0,11|5|5|0
111,12011|12370|12125|0,18|6|6|0
112,12014|12370|12125|0,25|9|9|0
117,12002|12363|12122|0,5|1|1|0
118,12004|12365|12123|0,5|2|2|0
119,12006|12367|12124|0,7|3|3|0
120,12008|12369|12124|0,10|4|4|0
121,12010|12370|12125|0,13|5|5|0
122,12011|12370|12125|0,22|6|6|0
123,12014|12370|12125|0,27|9|9|0
128,12042|12363|12117|0,4|1|1|0
129,12044|12365|12118|0,5|2|2|0
130,12046|12367|12119|0,7|3|3|0
131,12048|12369|12119|0,9|4|4|0
132,12050|12370|12120|0,11|5|5|0
133,12011|12370|12120|0,18|6|6|0
134,12014|12370|12120|0,26|9|9|0
139,12052|12363|12112|0,5|1|1|0
140,12054|12365|12113|0,4|2|2|0
141,12056|12367|12114|0,8|3|3|0
142,12058|12369|12114|0,10|4|4|0
143,12060|12370|12115|0,13|5|5|0
144,12011|12370|12115|0,17|6|6|0
145,12014|12370|12115|0,25|9|9|0
150,12041|12361|12111|0,1|1|1|0
151,12041|12362|12111|0,2|1|1|0
152,12041|12362|12111|0,4|1|1|0
153,12042|12363|12112|0,4|1|1|0
154,12043|12363|12113|0,10|1|1|0
155,12043|12364|12113|0,10|1|1|0
156,12043|12364|12113|0,12|1|1|0
157,12046|12367|12114|0,30|1|1|0
223,12002|12363|12122|0,13|2|2|0
224,12004|12365|12123|0,25|3|3|0
225,12006|12367|12124|0,39|4|4|0
226,12008|12369|12124|0,50|5|5|0
227,12010|12370|12125|0,60|6|6|0
228,12011|12370|12125|0,97|7|7|0
229,12014|12370|12125|0,98|10|10|0
234,12002|12363|12122|0,18|2|2|0
235,12004|12365|12123|0,30|3|3|0
236,12006|12367|12124|0,45|4|4|0
237,12008|12369|12124|0,58|5|5|0
238,12010|12370|12125|0,68|6|6|0
239,12011|12370|12125|0,105|7|7|0
240,12014|12370|12125|0,101|10|10|0
245,12052|12363|12117|0,26|2|2|0
246,12054|12365|12118|0,42|3|3|0
247,12056|12367|12119|0,59|4|4|0
248,12058|12369|12119|0,69|5|5|0
249,12060|12370|12120|0,78|6|6|0
250,12011|12370|12120|0,90|7|7|0
251,12014|12370|12120|0,94|10|10|0
256,12052|12363|12112|0,26|2|2|0
257,12054|12365|12113|0,42|3|3|0
258,12056|12367|12114|0,61|4|4|0
259,12058|12369|12114|0,74|5|5|0
260,12060|12370|12115|0,83|6|6|0
261,12011|12370|12115|0,98|7|7|0
262,12014|12370|12115|0,93|10|10|0
268,12051|12361|12111|0,1|1|1|0
269,12051|12362|12111|0,5|1|1|0
270,12051|12362|12111|0,10|1|1|0
271,12052|12363|12112|0,13|1|1|0
272,12052|12363|12112|0,53|1|1|0
273,12053|12364|12113|0,55|1|1|0
274,12053|12364|12113|0,72|1|1|0
275,12055|12366|12113|0,93|1|1|0
287,12002|12363|12122|0,1|1|1|0
288,12004|12365|12123|0,2|2|2|0
289,12006|12367|12124|0,3|3|3|0
290,12008|12369|12124|0,6|4|4|0
291,12010|12370|12125|0,8|5|5|0
292,12011|12370|12125|0,15|6|6|0
293,12014|12370|12125|0,17|9|9|0
298,12042|12363|12122|0,1|1|1|0
299,12044|12365|12123|0,2|2|2|0
300,12046|12367|12124|0,3|3|3|0
301,12048|12369|12124|0,5|4|4|0
302,12050|12370|12125|0,8|5|5|0
303,12011|12370|12125|0,14|6|6|0
304,12014|12370|12125|0,15|9|9|0
309,12042|12363|12117|0,1|1|1|0
310,12044|12365|12118|0,2|2|2|0
311,12046|12367|12119|0,3|3|3|0
312,12048|12369|12119|0,5|4|4|0
313,12050|12370|12120|0,7|5|5|0
314,12011|12370|12120|0,13|6|6|0
315,12014|12370|12120|0,13|9|9|0
320,12052|12363|12112|0,2|1|1|0
321,12054|12365|12113|0,2|2|2|0
322,12056|12367|12114|0,5|3|3|0
323,12058|12369|12114|0,8|4|4|0
324,12060|12370|12115|0,10|5|5|0
325,12011|12370|12115|0,14|6|6|0
326,12014|12370|12115|0,14|9|9|0
331,12051|12361|12111|0,1|1|1|0
332,12051|12362|12111|0,2|1|1|0
333,12051|12362|12111|0,2|1|1|0
334,12052|12363|12112|0,2|1|1|0
335,12052|12363|12112|0,10|1|1|0
336,12053|12364|12112|0,12|1|1|0
337,12053|12364|12112|0,12|1|1|0
338,12056|12367|12114|0,17|1|1|0
351,12002|12363|12122|0,5|1|1|0
352,12004|12365|12123|0,6|2|2|0
353,12006|12367|12124|0,10|3|3|0
354,12008|12369|12124|0,11|4|4|0
355,12010|12370|12125|0,12|5|5|0
356,12011|12370|12125|0,20|6|6|0
357,12014|12370|12125|0,44|9|9|0
362,12042|12363|12122|0,4|1|1|0
363,12044|12365|12123|0,6|2|2|0
364,12046|12367|12124|0,9|3|3|0
365,12048|12369|12124|0,10|4|4|0
366,12050|12370|12125|0,9|5|5|0
367,12011|12370|12125|0,18|6|6|0
368,12014|12370|12125|0,37|9|9|0
373,12042|12363|12117|0,4|1|1|0
374,12044|12365|12118|0,5|2|2|0
375,12046|12367|12119|0,6|3|3|0
376,12048|12369|12119|0,8|4|4|0
377,12050|12370|12120|0,8|5|5|0
378,12011|12370|12120|0,14|6|6|0
379,12014|12370|12120|0,34|9|9|0
384,12052|12363|12112|0,6|1|1|0
385,12054|12365|12113|0,8|2|2|0
386,12056|12367|12114|0,12|3|3|0
387,12058|12369|12114|0,16|4|4|0
388,12060|12370|12115|0,19|5|5|0
389,12011|12370|12115|0,24|6|6|0
390,12014|12370|12115|0,36|9|9|0
395,12051|12361|12111|0,1|1|1|0
396,12051|12362|12111|0,2|1|1|0
397,12051|12362|12111|0,5|1|1|0
398,12052|12363|12112|0,4|1|1|0
399,12052|12363|12112|0,8|1|1|0
400,12053|12364|12112|0,9|1|1|0
401,12053|12364|12112|0,14|1|1|0
402,12056|12367|12114|0,24|1|1|0
415,12001|12361|12126|0,12|1|1|0
416,12002|12363|12127|0,8|2|2|0
417,12005|12366|12128|0,6|3|3|0
418,12007|12368|12129|0,5|4|4|0
419,12009|12370|12130|0,4|5|5|0
421,12010|12370|12130|0,8|7|7|0
435,12041|12361|12126|0,12|1|1|0
436,12032|12363|12127|0,19|2|2|0
437,12045|12366|12128|0,48|5|5|0
438,12047|12368|12129|0,8|4|4|0
439,12049|12370|12130|0,9|5|5|0
440,12050|12370|12130|0,40|10|10|0
445,12051|12361|12126|12196,20|3|3|10
446,12051|12361|12126|12197,27|8|8|10
447,12052|12363|12127|12198,54|10|10|10
448,12055|12366|12128|12199,27|11|11|10
449,12055|12366|6224|6225,45|12|1|1
450,12057|12368|12129|12200,82|15|15|10
451,12056|12367|6224|12198,60|13|1|20
452,12056|12367|6225|12199,70|13|1|20
500,10101|12399|0|0,1|4|0|0
501,10102|12399|0|0,1|5|0|0
502,10103|12399|0|0,1|6|0|0
503,10104|12399|0|0,1|11|0|0
504,10105|12399|0|0,1|13|0|0
505,10106|12399|0|0,1|15|0|0
506,10107|12399|0|0,1|20|0|0
507,10108|12399|0|0,1|22|0|0
508,10109|12399|0|0,1|24|0|0
520,10120|12400|0|0,1|3|0|0
521,10121|12400|0|0,1|4|0|0
522,10122|12400|0|0,1|5|0|0
523,10123|12400|0|0,1|9|0|0
524,10124|12400|0|0,1|10|0|0
525,10125|12400|0|0,1|12|0|0
526,10126|12400|0|0,1|17|0|0
527,10127|12400|0|0,1|19|0|0
528,10128|12400|0|0,1|21|0|0
540,10616|12250|12163|0,7|10|10|0
541,10704|12250|12162|0,20|10|10|0
542,10700|12381|12161|0,3|10|10|0
543,10770|12382|12162|0,3|10|10|0
544,10757|12383|12164|0,7|10|10|0
545,10613|12384|12164|0,20|10|10|0
546,10698|12384|12163|0,20|10|10|0
547,10622|12385|12161|0,2|10|10|0
548,10701|12385|12162|0,30|10|10|0
549,10773|12386|12161|0,3|10|10|0
550,10758|12387|12164|0,7|10|10|0
551,10738|12388|12163|0,4|10|10|0
565,12001|12362|12126|0,6|1|2|0
566,12002|12363|12127|0,5|2|4|0
567,12003|12364|12127|0,10|3|6|0
568,12004|12365|12128|0,17|4|8|0
569,12005|12366|12128|0,30|5|10|0
570,12006|12367|12129|0,35|6|12|0
571,12007|12368|12129|0,39|7|14|0
572,12008|12369|12129|0,51|8|16|0
573,12009|12370|12130|0,51|9|18|0
574,12010|12370|12130|0,56|10|20|0
575,12011|12370|12130|0,70|11|22|0
576,12012|12370|12130|0,85|12|24|0
577,12013|12370|12130|0,99|13|26|0
578,12014|12370|12130|0,120|14|28|0
579,12015|12370|12130|0,115|15|30|0
580,12016|12370|12130|0,122|16|32|0
581,12017|12370|12130|0,113|17|34|0
582,12018|12370|12130|0,127|18|36|0
585,12002|12363|12127|0,13|2|4|0
586,12003|12364|12127|0,19|3|6|0
587,12004|12365|12128|0,29|4|8|0
588,12005|12366|12128|0,44|5|10|0
589,12006|12367|12129|0,50|6|12|0
590,12007|12368|12129|0,55|7|14|0
591,12008|12369|12129|0,66|8|16|0
592,12009|12370|12130|0,67|9|18|0
593,12010|12370|12130|0,69|10|20|0
594,12011|12370|12130|0,80|11|22|0
595,12012|12370|12130|0,92|12|24|0
596,12013|12370|12130|0,115|13|26|0
597,12014|12370|12130|0,138|14|28|0
598,12015|12370|12130|0,137|15|30|0
599,12016|12370|12130|0,127|16|32|0
600,12017|12370|12130|0,117|17|34|0
601,12018|12370|12130|0,131|18|36|0
615,12001|12362|12126|0,8|1|2|0
616,12002|12363|12127|0,9|2|4|0
617,12003|12364|12127|0,16|3|6|0
618,12004|12365|12128|0,25|4|8|0
619,12005|12366|12128|0,38|5|10|0
620,12006|12367|12129|0,43|6|12|0
621,12007|12368|12129|0,49|7|14|0
622,12008|12369|12129|0,58|8|16|0
623,12009|12370|12130|0,60|9|18|0
624,12010|12370|12130|0,65|10|20|0
625,12011|12370|12130|0,72|11|22|0
626,12012|12370|12130|0,95|12|24|0
627,12013|12370|12130|0,117|13|26|0
628,12014|12370|12130|0,130|14|28|0
629,12015|12370|12130|0,130|15|30|0
630,12016|12370|12130|0,128|16|32|0
631,12017|12370|12130|0,118|17|34|0
632,12018|12370|12130|0,132|18|36|0
637,12001|12362|12126|0,35|1|2|0
638,12002|12363|12127|0,41|2|4|0
639,12003|12364|12127|0,56|3|6|0
640,12004|12365|12128|0,63|4|8|0
641,12005|12366|12128|0,74|5|10|0
642,12006|12367|12129|0,81|6|12|0
643,12007|12368|12129|0,82|7|14|0
644,12008|12369|12129|0,87|8|16|0
645,12009|12370|12130|0,93|9|18|0
646,12010|12370|12130|0,96|10|20|0
647,12011|12370|12130|0,104|11|22|0
648,12012|12370|12130|0,135|12|24|0
649,12013|12370|12130|0,155|13|26|0
650,12014|12370|12130|0,159|14|28|0
651,12015|12370|12130|0,167|15|30|0
652,12016|12370|12130|0,153|16|32|0
653,12017|12370|12130|0,140|16|34|0
658,12001|12362|12126|0,13|1|2|0
659,12002|12363|12127|0,15|2|4|0
660,12003|12364|12127|0,24|3|6|0
661,12004|12365|12128|0,32|4|8|0
662,12005|12366|12128|0,48|5|10|0
663,12006|12367|12129|0,52|6|12|0
664,12007|12368|12129|0,57|7|14|0
665,12008|12369|12129|0,66|8|16|0
666,12009|12370|12130|0,71|9|18|0
667,12010|12370|12130|0,69|10|20|0
668,12011|12370|12130|0,80|11|22|0
669,12012|12370|12130|0,104|12|24|0
670,12013|12370|12130|0,120|13|26|0
671,12014|12370|12130|0,135|14|28|0
672,12015|12370|12130|0,135|15|30|0
673,12016|12370|12130|0,126|16|32|0
674,12017|12370|12130|0,116|17|34|0
675,12018|12370|12130|0,130|18|36|0
680,12031|12362|12126|0,14|1|2|0
681,12032|12363|12127|0,13|2|4|0
682,12033|12364|12127|0,24|3|6|0
683,12034|12365|12128|0,34|4|8|0
684,12035|12366|12128|0,55|5|10|0
685,12036|12367|12129|0,60|6|12|0
686,12037|12368|12129|0,70|7|14|0
687,12038|12369|12129|0,78|8|16|0
688,12039|12370|12130|0,85|9|18|0
689,12040|12370|12130|0,86|10|20|0
690,12011|12370|12130|0,70|11|22|0
691,12012|12370|12130|0,111|12|24|0
692,12013|12370|12130|0,92|13|26|0
693,12014|12370|12130|0,114|14|28|0
694,12015|12370|12130|0,113|15|30|0
695,12016|12370|12130|0,113|16|32|0
696,12017|12370|12130|0,105|17|34|0
697,12018|12370|12130|0,119|18|36|0
710,12034|12365|12128|0,6|4|8|0
711,12035|12366|12128|0,26|5|10|0
712,12036|12367|12129|0,34|6|12|0
713,12037|12368|12129|0,60|7|14|0
714,12038|12369|12129|0,77|8|16|0
715,12039|12370|12130|0,81|9|18|0
716,12040|12370|12130|0,89|10|20|0
717,12011|12370|12130|0,75|11|22|0
718,12012|12370|12130|0,96|12|24|0
719,12013|12370|12130|0,102|13|26|0
720,12014|12370|12130|0,109|14|28|0
730,12001|12362|12126|0,15|1|2|0
731,12002|12363|12127|0,18|2|4|0
732,12003|12364|12127|0,27|3|6|0
733,12004|12365|12128|0,36|4|8|0
734,12005|12366|12128|0,56|5|10|0
735,12006|12367|12129|0,59|6|12|0
736,12007|12368|12129|0,67|7|14|0
737,12008|12369|12129|0,74|8|16|0
738,12009|12370|12130|0,80|9|18|0
739,12010|12370|12130|0,84|10|20|0
740,12011|12370|12130|0,97|11|22|0
741,12012|12370|12130|0,122|12|24|0
742,12013|12370|12130|0,141|13|26|0
743,12014|12370|12130|0,161|14|28|0
744,12015|12370|12130|0,161|15|30|0
745,12016|12370|12130|0,158|16|32|0
746,12017|12370|12130|0,143|17|34|0
747,12018|12370|12130|0,157|18|36|0
760,12003|12364|12127|0,35|3|6|0
761,12004|12365|12128|0,51|4|8|0
762,12005|12366|12128|0,72|5|10|0
763,12006|12367|12129|0,85|6|12|0
764,12007|12368|12129|0,96|7|14|0
765,12008|12369|12129|0,105|8|16|0
766,12009|12370|12130|0,110|9|18|0
767,12010|12370|12130|0,120|10|20|0
768,12011|12370|12130|0,137|11|22|0
769,12012|12370|12130|0,169|12|24|0
770,12013|12370|12130|0,196|13|26|0
771,12014|12370|12130|0,222|14|28|0
772,12015|12370|12130|0,226|15|30|0
773,12016|12370|12130|0,226|16|32|0
774,12017|12370|12130|0,222|17|34|0
775,12018|12370|12130|0,232|18|36|0
776,12019|12370|12130|0,195|19|38|0
781,12031|12362|12126|0,20|1|2|0
782,12032|12363|12127|0,23|2|4|0
783,12033|12364|12127|0,43|3|6|0
784,12034|12365|12128|0,62|4|8|0
785,12035|12366|12128|0,89|5|10|0
786,12036|12367|12129|0,101|6|12|0
787,12037|12368|12129|0,114|7|14|0
788,12038|12369|12129|0,127|8|16|0
789,12039|12370|12130|0,133|9|18|0
790,12040|12370|12130|0,141|10|20|0
791,12011|12370|12130|0,108|11|22|0
792,12012|12370|12130|0,131|12|24|0
793,12013|12370|12130|0,154|13|26|0
794,12014|12370|12130|0,176|14|28|0
795,12015|12370|12130|0,173|15|30|0
796,12016|12370|12130|0,170|16|32|0
797,12017|12370|12130|0,153|17|34|0
798,12018|12370|12130|0,165|18|36|0
802,12031|12362|12126|0,15|1|2|0
803,12032|12363|12127|0,18|2|4|0
804,12033|12364|12127|0,35|3|6|0
805,12034|12365|12128|0,50|4|8|0
806,12035|12366|12128|0,81|5|10|0
807,12036|12367|12129|0,105|6|12|0
808,12037|12368|12129|0,113|7|14|0
809,12038|12369|12129|0,132|8|16|0
810,12039|12370|12130|0,147|9|18|0
811,12040|12370|12130|0,151|10|20|0
812,12011|12370|12130|0,120|11|22|0
813,12012|12370|12130|0,151|12|24|0
814,12013|12370|12130|0,181|13|26|0
815,12014|12370|12130|0,204|14|28|0
816,12015|12370|12130|0,204|15|30|0
817,12016|12370|12130|0,178|16|30|0
818,12017|12370|12130|0,159|17|30|0
832,12001|12362|12126|0,9|1|2|0
833,12002|12363|12127|0,9|2|4|0
834,12003|12364|12127|0,14|3|6|0
835,12004|12365|12128|0,21|4|8|0
836,12005|12366|12128|0,34|5|10|0
837,12006|12367|12129|0,33|6|12|0
838,12007|12368|12129|0,40|7|14|0
839,12008|12369|12129|0,48|8|16|0
840,12009|12370|12130|0,49|9|18|0
841,12010|12370|12130|0,50|10|20|0
842,12011|12370|12130|0,59|11|22|0
843,12012|12370|12130|0,75|12|24|0
844,12013|12370|12130|0,88|13|26|0
845,12014|12370|12130|0,96|14|28|0
846,12015|12370|12130|0,99|15|30|0
847,12016|12370|12130|0,99|16|32|0
848,12017|12370|12130|0,94|17|34|0
849,12018|12370|12130|0,108|18|36|0
853,8004|8005|12363|0,1|1|1|0
854,8005|8033|12364|0,1|1|2|0
855,8006|8006|12365|0,1|1|3|0
856,8036|8036|12366|0,1|1|4|0
857,8007|8008|12367|0,1|1|5|0
858,8009|8010|12368|0,1|1|6|0
859,8011|8137|12369|0,1|1|7|0
860,8012|8138|12370|0,1|1|8|0
861,8013|8013|12370|0,1|1|9|0
862,8014|8015|12370|0,1|1|10|0
863,8015|8015|12370|0,1|1|11|0
864,8017|8017|12370|0,1|1|12|0
865,8018|8017|12370|0,1|1|13|0
866,8017|8016|12370|0,1|1|14|0
867,8018|8018|12370|0,1|1|15|0
868,8020|8020|12370|0,1|1|16|0
869,8021|8020|12370|0,1|1|17|0
933,12031|12361|12126|0,1|1|1|0
934,12001|12362|12126|0,2|2|2|0
935,12002|12363|12127|0,2|3|3|0
936,12003|12364|12127|0,3|4|4|0
937,12004|12365|12128|0,4|5|5|0
938,12005|12366|12128|0,10|6|6|0
939,12006|12367|12129|0,10|7|7|0
940,12007|12368|12129|0,13|8|8|0
941,12008|12369|12129|0,17|9|9|0
942,12009|12370|12130|0,15|10|10|0
943,12010|12370|12130|0,18|11|11|0
944,12011|12370|12130|0,21|12|12|0
945,12012|12370|12130|0,26|13|13|0
946,12013|12370|12130|0,31|14|14|0
947,12014|12370|12130|0,36|15|15|0
948,12015|12370|12130|0,37|16|16|0
965,12051|12361|12126|0,47|2|2|0
966,12051|12362|12126|0,63|2|2|0
967,12052|12363|12127|0,70|3|3|0
968,12003|12364|12127|0,17|4|4|0
969,12054|12365|12128|0,18|5|5|0
970,12055|12366|12128|0,22|6|6|0
971,12006|12367|12129|0,16|7|7|0
972,12007|12368|12129|0,17|8|8|0
973,12008|12369|12129|0,20|9|9|0
974,12009|12370|12130|0,19|10|10|0
975,12010|12370|12130|0,21|11|11|0
976,12011|12370|12130|0,23|12|12|0
977,12012|12370|12130|0,29|13|13|0
978,12013|12370|12130|0,32|14|14|0
979,12014|12370|12130|0,35|15|15|0
980,12015|12370|12130|0,33|16|16|0
981,12016|12370|12130|0,33|17|17|0
982,12017|12370|12130|0,31|18|18|0
983,12018|12370|12130|0,36|19|19|0
991,7251|12291|12295|0,1|16|3|0
992,7251|12292|12296|0,1|16|3|0
993,7251|12293|12297|0,1|16|3|0
994,7251|12294|12298|0,1|16|3|0
995,7251|12291|12295|0,1|68|15|0
996,7251|12292|12296|0,1|68|15|0
997,7251|12293|12297|0,1|68|15|0
998,7251|12294|12298|0,1|68|15|0
999,7251|12299|0|0,1|2|0|0
1021,7261|12291|12295|0,1|16|3|0
1022,7261|12292|12296|0,1|16|3|0
1023,7261|12293|12297|0,1|16|3|0
1024,7261|12294|12298|0,1|16|3|0
1025,7261|12291|12295|0,1|68|15|0
1026,7261|12292|12296|0,1|68|15|0
1027,7261|12293|12297|0,1|68|15|0
1028,7261|12294|12298|0,1|68|15|0
1029,7261|12299|0|0,1|2|0|0
1051,7271|12291|12295|0,1|16|3|0
1052,7271|12292|12296|0,1|16|3|0
1053,7271|12293|12297|0,1|16|3|0
1054,7271|12294|12298|0,1|16|3|0
1055,7271|12291|12295|0,1|68|15|0
1056,7271|12292|12296|0,1|68|15|0
1057,7271|12293|12297|0,1|68|15|0
1058,7271|12294|12298|0,1|68|15|0
1059,7271|12299|0|0,1|2|0|0
1091,12010|12044|12201|12211,93|20|10|1
1092,12011|12045|12202|12211,101|30|15|1
1093,12012|12046|12203|12211,114|40|20|1
1094,12013|12047|12204|12211,118|50|25|1
1095,12014|12048|12205|12212,170|60|30|1
1096,12015|12049|12206|12212,125|70|35|1
1101,12010|12201|12064|12221,53|25|10|1
1102,12012|12202|12066|12221,54|30|15|1
1103,12014|12203|12068|12221,50|35|20|1
1111,12010|12061|12201|12211,53|10|15|1
1112,12012|12061|12202|12211,57|20|20|1
1113,12014|12062|12203|12212,56|30|25|1
1141,12016|12152|12208|12226,100|10|30|100
1142,12017|12156|12208|12227,200|30|50|100
1151,12015|12201|12207|12231,100|10|30|100
1152,12016|12204|12207|12231,150|20|40|100
1153,12017|12205|12207|12231,200|30|50|100
1161,12015|12202|12209|12226,100|10|30|100
1162,12016|12206|12209|12227,200|30|50|100
1171,12018|12153|12210|12235,200|10|40|100
1172,12018|12151|12210|12235,200|10|40|100
1173,12018|12155|12210|12235,200|10|40|100
1174,12018|12157|12210|12235,200|10|40|100
1175,12018|12154|12210|12235,200|10|40|100
1201,12061|12163|0|0,10|5|0|0
1202,12062|11301|0|0,10|2|0|0
1203,12063|11302|0|0,12|3|0|0
1204,12064|11303|12155|0,12|4|1|0
1205,12065|11304|12155|0,12|5|2|0
1206,12066|11305|12155|0,15|6|3|0
1207,12067|11306|12155|0,20|7|4|0
1211,12061|12163|0|0,10|5|0|0
1212,12062|11311|0|0,10|2|0|0
1213,12063|11312|0|0,12|3|0|0
1214,12064|11313|12155|0,12|4|1|0
1215,12065|11314|12155|0,12|5|2|0
1216,12066|11315|12155|0,15|6|3|0
1217,12067|11316|12155|0,20|7|4|0
1221,12061|12162|0|0,10|5|0|0
1222,12062|11321|0|0,10|2|0|0
1223,12063|11322|0|0,12|3|0|0
1224,12064|11323|12153|0,12|4|1|0
1225,12065|11324|12153|0,12|5|2|0
1226,12066|11325|12153|0,15|6|3|0
1227,12067|11326|12153|0,20|7|4|0
1231,12061|12162|0|0,10|5|0|0
1232,12062|11331|0|0,10|2|0|0
1233,12063|11332|0|0,12|3|0|0
1234,12064|11333|12153|0,12|4|1|0
1235,12065|11334|12153|0,12|5|2|0
1236,12066|11335|12153|0,15|6|3|0
1237,12067|11336|12153|0,20|7|4|0
1241,12061|12161|0|0,10|5|0|0
1242,12062|11341|0|0,10|2|0|0
1243,12063|11342|0|0,12|3|0|0
1244,12064|11343|12152|0,12|4|1|0
1245,12065|11344|12152|0,12|5|2|0
1246,12066|11345|12152|0,15|6|3|0
1247,12067|11346|12152|0,20|7|4|0
1251,12061|12161|0|0,13|5|0|0
1252,12062|11351|0|0,15|2|0|0
1253,12063|11352|0|0,16|3|0|0
1254,12064|11353|12152|0,17|4|1|0
1255,12065|11354|12152|0,18|5|2|0
1256,12066|11355|12152|0,20|6|3|0
1257,12067|11356|12152|0,25|7|4|0
1261,12061|12164|0|0,12|5|0|0
1262,12062|11361|0|0,15|2|0|0
1263,12063|11362|0|0,20|3|0|0
1264,12064|11363|12151|0,25|4|1|0
1265,12065|11364|12154|0,30|5|2|0
1266,12066|11365|12156|0,35|6|3|0
1267,12067|11366|12157|0,40|7|4|0
1300,12002|12363|12122|12243,3|1|1|20
1301,12004|12365|12123|12245,3|2|2|20
1302,12006|12367|12124|12247,6|3|3|20
1303,12008|12369|12124|12249,8|4|4|20
1304,12010|12370|12125|12250,11|5|5|20
1305,12011|12370|12125|12381,18|6|6|20
1311,12002|12363|12122|12243,5|1|1|20
1312,12004|12365|12123|12245,5|2|2|20
1313,12006|12367|12124|12247,7|3|3|20
1314,12008|12369|12124|12249,10|4|4|20
1315,12010|12370|12125|12250,13|5|5|20
1316,12011|12370|12125|12381,22|6|6|20
1322,12042|12363|12117|12243,4|1|1|20
1323,12044|12365|12118|12245,5|2|2|20
1324,12046|12367|12119|12247,7|3|3|20
1325,12048|12369|12119|12249,9|4|4|20
1326,12050|12370|12120|12250,11|5|5|20
1327,12011|12370|12120|12381,18|6|6|20
1333,12052|12363|12112|12243,5|1|1|20
1334,12054|12365|12113|12245,4|2|2|20
1335,12056|12367|12114|12247,8|3|3|20
1336,12058|12369|12114|12249,10|4|4|20
1337,12060|12370|12115|12250,13|5|5|20
1338,12011|12370|12115|12381,17|6|6|20
1344,12041|12362|12111|12242,2|1|1|20
1345,12043|12364|12112|12244,2|2|2|20
1346,12045|12366|12113|12246,4|3|3|20
1347,12047|12370|12114|12248,5|4|4|20
1348,12049|12370|12115|12250,23|5|5|20
1349,12011|12370|12115|12381,30|6|6|20
1350,12012|12370|12115|0,46|7|7|0
1351,12013|12370|12115|0,100|8|8|0
1370,12002|12363|12122|12243,13|2|2|50
1371,12004|12365|12123|12245,25|3|3|50
1372,12006|12367|12124|12247,39|4|4|50
1373,12008|12369|12124|12249,50|5|5|50
1374,12010|12370|12125|12250,60|6|6|50
1375,12011|12370|12125|12381,97|7|7|50
1381,12002|12363|12122|12243,18|2|2|50
1382,12004|12365|12123|12245,30|3|3|50
1383,12006|12367|12124|12247,45|4|4|50
1384,12008|12369|12124|12249,58|5|5|50
1385,12010|12370|12125|12250,68|6|6|50
1386,12011|12370|12125|12381,105|7|7|50
1392,12052|12363|12117|12243,26|2|2|50
1393,12054|12365|12118|12245,42|3|3|50
1394,12056|12367|12119|12247,59|4|4|50
1395,12058|12369|12119|12249,69|5|5|50
1396,12060|12370|12120|12250,78|6|6|50
1397,12011|12370|12120|12381,90|7|7|50
1403,12052|12363|12112|12243,26|2|2|50
1404,12054|12365|12113|12245,42|3|3|50
1405,12056|12367|12114|12247,61|4|4|50
1406,12058|12369|12114|12249,74|5|5|50
1407,12060|12370|12115|12250,83|6|6|50
1408,12011|12370|12115|12381,98|7|7|50
1415,12051|12362|12111|12242,1|1|2|40
1416,12053|12364|12112|12244,11|2|3|40
1417,12055|12366|12113|12246,29|3|4|40
1418,12057|12370|12114|12248,47|4|5|40
1419,12059|12370|12115|12250,118|5|6|40
1420,12011|12370|12115|12381,110|6|7|40
1421,12012|12370|12115|0,178|7|8|0
1422,12013|12370|12115|0,100|8|9|0
1440,12002|12363|12122|12243,1|1|1|20
1441,12004|12365|12123|12245,2|2|2|20
1442,12006|12367|12124|12247,3|3|3|20
1443,12008|12369|12124|12249,6|4|4|20
1444,12010|12370|12125|12250,8|5|5|20
1445,12011|12370|12125|12381,15|6|6|20
1451,12042|12363|12122|12243,1|1|1|20
1452,12044|12365|12123|12245,2|2|2|20
1453,12046|12367|12124|12247,3|3|3|20
1454,12048|12369|12124|12249,5|4|4|20
1455,12050|12370|12125|12250,8|5|5|20
1456,12011|12370|12125|12381,14|6|6|20
1462,12042|12363|12117|12243,1|1|1|20
1463,12044|12365|12118|12245,2|2|2|20
1464,12046|12367|12119|12247,3|3|3|20
1465,12048|12369|12119|12249,5|4|4|20
1466,12050|12370|12120|12250,7|5|5|20
1467,12011|12370|12120|12381,13|6|6|20
1473,12052|12363|12112|12243,2|1|1|20
1474,12054|12365|12113|12245,2|2|2|20
1475,12056|12367|12114|12247,5|3|3|20
1476,12058|12369|12114|12249,8|4|4|20
1477,12060|12370|12115|12250,10|5|5|20
1478,12011|12370|12115|12381,14|6|6|20
1484,12051|12362|12111|12242,1|1|1|20
1485,12053|12364|12112|12244,2|2|2|20
1486,12055|12366|12113|12246,2|3|3|20
1487,12057|12370|12114|12248,3|4|4|20
1488,12059|12370|12115|12250,5|5|5|20
1489,12011|12370|12115|12381,8|6|6|20
1490,12012|12370|12115|0,15|7|7|0
1491,12013|12370|12115|0,100|8|8|0
1510,12002|12363|12122|12243,5|1|1|20
1511,12004|12365|12123|12245,6|2|2|20
1512,12006|12367|12124|12247,10|3|3|20
1513,12008|12369|12124|12249,11|4|4|20
1514,12010|12370|12125|12250,12|5|5|20
1515,12011|12370|12125|12381,20|6|6|20
1521,12042|12363|12122|12243,4|1|1|20
1522,12044|12365|12123|12245,6|2|2|20
1523,12046|12367|12124|12247,9|3|3|20
1524,12048|12369|12124|12249,10|4|4|20
1525,12050|12370|12125|12250,9|5|5|20
1526,12011|12370|12125|12381,18|6|6|20
1532,12042|12363|12117|12243,4|1|1|20
1533,12044|12365|12118|12245,5|2|2|20
1534,12046|12367|12119|12247,6|3|3|20
1535,12048|12369|12119|12249,8|4|4|20
1536,12050|12370|12120|12250,8|5|5|20
1537,12011|12370|12120|12381,14|6|6|20
1543,12052|12363|12112|12243,6|1|1|20
1544,12054|12365|12113|12245,8|2|2|20
1545,12056|12367|12114|12247,12|3|3|20
1546,12058|12369|12114|12249,16|4|4|20
1547,12060|12370|12115|12250,19|5|5|20
1548,12011|12370|12115|12381,24|6|6|20
1554,12051|12362|12111|12242,1|1|1|20
1555,12053|12364|12112|12244,2|2|2|20
1556,12055|12366|12113|12246,5|3|3|20
1557,12057|12370|12114|12248,7|4|4|20
1558,12059|12370|12115|12250,15|5|5|20
1559,12011|12370|12115|12381,18|6|6|20
1560,12012|12370|12115|0,33|7|7|0
1561,12013|12370|12115|0,100|8|8|0
1580,12001|12362|12126|12242,6|1|2|60
1581,12002|12363|12127|12243,5|2|4|60
1582,12003|12364|12127|12244,10|3|6|60
1583,12004|12365|12128|12245,17|4|8|60
1584,12005|12366|12128|12246,30|5|10|60
1585,12006|12367|12129|12247,35|6|12|60
1586,12007|12368|12129|12248,39|7|14|60
1587,12008|12369|12129|12249,51|8|16|60
1588,12009|12370|12130|12250,51|9|18|60
1589,12010|12370|12130|12381,56|10|20|60
1590,12011|12370|12130|12382,70|11|22|60
1591,12012|12370|12130|12383,85|12|24|60
1592,12013|12370|12130|12384,99|13|26|60
1593,12014|12370|12130|12385,120|14|28|60
1594,12015|12370|12130|12386,115|15|30|60
1595,12016|12370|12130|12387,122|16|32|60
1600,12002|12363|12127|12243,13|2|4|70
1601,12003|12364|12127|12244,19|3|6|70
1602,12004|12365|12128|12245,29|4|8|70
1603,12005|12366|12128|12246,44|5|10|70
1604,12006|12367|12129|12247,50|6|12|70
1605,12007|12368|12129|12248,55|7|14|70
1606,12008|12369|12129|12249,66|8|16|70
1607,12009|12370|12130|12250,67|9|18|70
1608,12010|12370|12130|12381,69|10|20|70
1609,12011|12370|12130|12382,80|11|22|70
1610,12012|12370|12130|12383,92|12|24|70
1611,12013|12370|12130|12384,115|13|26|70
1612,12014|12370|12130|12385,138|14|28|70
1613,12015|12370|12130|12386,137|15|30|70
1614,12016|12370|12130|12387,127|16|32|70
1630,12001|12362|12126|12242,8|1|2|70
1631,12002|12363|12127|12243,9|2|4|70
1632,12003|12364|12127|12244,16|3|6|70
1633,12004|12365|12128|12245,25|4|8|70
1634,12005|12366|12128|12246,38|5|10|70
1635,12006|12367|12129|12247,43|6|12|70
1636,12007|12368|12129|12248,49|7|14|70
1637,12008|12369|12129|12249,58|8|16|70
1638,12009|12370|12130|12250,60|9|18|70
1639,12010|12370|12130|12381,65|10|20|70
1640,12011|12370|12130|12382,72|11|22|70
1641,12012|12370|12130|12383,95|12|24|70
1642,12013|12370|12130|12384,117|13|26|70
1643,12014|12370|12130|12385,130|14|28|70
1644,12015|12370|12130|12386,130|15|30|70
1645,12016|12370|12130|12387,128|16|32|70
1652,12001|12362|12126|12242,35|1|2|90
1653,12002|12363|12127|12243,41|2|4|90
1654,12003|12364|12127|12244,56|3|6|90
1655,12004|12365|12128|12245,63|4|8|90
1656,12005|12366|12128|12246,74|5|10|90
1657,12006|12367|12129|12247,81|6|12|90
1658,12007|12368|12129|12248,82|7|14|90
1659,12008|12369|12129|12249,87|8|16|90
1660,12009|12370|12130|12250,93|9|18|90
1661,12010|12370|12130|12381,96|10|20|90
1662,12011|12370|12130|12382,104|11|22|90
1663,12012|12370|12130|12383,135|12|24|90
1664,12013|12370|12130|12384,155|13|26|90
1665,12014|12370|12130|12385,159|14|28|90
1666,12015|12370|12130|12386,167|15|30|90
1673,12001|12362|12126|12242,13|1|2|80
1674,12002|12363|12127|12243,15|2|4|80
1675,12003|12364|12127|12244,24|3|6|80
1676,12004|12365|12128|12245,32|4|8|80
1677,12005|12366|12128|12246,48|5|10|80
1678,12006|12367|12129|12247,52|6|12|80
1679,12007|12368|12129|12248,57|7|14|80
1680,12008|12369|12129|12249,66|8|16|80
1681,12009|12370|12130|12250,71|9|18|80
1682,12010|12370|12130|12381,69|10|20|80
1683,12011|12370|12130|12382,80|11|22|80
1684,12012|12370|12130|12383,104|12|24|80
1685,12013|12370|12130|12384,120|13|26|80
1686,12014|12370|12130|12385,135|14|28|80
1687,12015|12370|12130|12386,135|15|30|80
1688,12016|12370|12130|12387,126|16|32|80
1695,12031|12362|12126|12242,14|1|2|70
1696,12032|12363|12127|12243,13|2|4|70
1697,12033|12364|12127|12244,24|3|6|70
1698,12034|12365|12128|12245,34|4|8|70
1699,12035|12366|12128|12246,55|5|10|70
1700,12036|12367|12129|12247,60|6|12|70
1701,12037|12368|12129|12248,70|7|14|70
1702,12038|12369|12129|12249,78|8|16|70
1703,12039|12370|12130|12250,85|9|18|70
1704,12040|12370|12130|12381,86|10|20|70
1705,12011|12370|12130|12382,70|11|22|70
1706,12012|12370|12130|12383,111|12|24|70
1707,12013|12370|12130|12384,92|13|26|70
1708,12014|12370|12130|12385,114|14|28|70
1709,12015|12370|12130|12386,113|15|30|70
1710,12016|12370|12130|12387,113|16|32|70
1725,12034|12365|12128|12244,6|4|8|80
1726,12035|12366|12128|12245,26|5|10|80
1727,12036|12367|12129|12246,34|6|12|80
1728,12037|12368|12129|12247,60|7|14|80
1729,12038|12369|12129|12248,77|8|16|80
1730,12039|12370|12130|12249,81|9|18|80
1731,12040|12370|12130|12250,89|10|20|80
1732,12011|12370|12130|12381,75|11|22|80
1733,12012|12370|12130|12382,96|12|24|80
1745,12001|12362|12126|12242,15|1|2|80
1746,12002|12363|12127|12243,18|2|4|80
1747,12003|12364|12127|12244,27|3|6|80
1748,12004|12365|12128|12245,36|4|8|80
1749,12005|12366|12128|12246,56|5|10|80
1750,12006|12367|12129|12247,59|6|12|80
1751,12007|12368|12129|12248,67|7|14|80
1752,12008|12369|12129|12249,74|8|16|80
1753,12009|12370|12130|12250,80|9|18|80
1754,12010|12370|12130|12381,84|10|20|80
1755,12011|12370|12130|12382,97|11|22|80
1756,12012|12370|12130|12383,122|12|24|80
1757,12013|12370|12130|12384,141|13|26|80
1758,12014|12370|12130|12385,161|14|28|80
1759,12015|12370|12130|12386,161|15|30|80
1760,12016|12370|12130|12387,158|16|32|80
1775,12003|12364|12127|12243,35|3|6|150
1776,12004|12365|12128|12244,51|4|8|150
1777,12005|12366|12128|12245,72|5|10|150
1778,12006|12367|12129|12246,85|6|12|150
1779,12007|12368|12129|12247,96|7|14|150
1780,12008|12369|12129|12248,105|8|16|150
1781,12009|12370|12130|12249,110|9|18|150
1782,12010|12370|12130|12250,120|10|20|150
1783,12011|12370|12130|12381,137|11|22|150
1784,12012|12370|12130|12382,169|12|24|150
1785,12013|12370|12130|12383,196|13|26|150
1786,12014|12370|12130|12384,222|14|28|150
1787,12015|12370|12130|12385,226|15|30|150
1788,12016|12370|12130|12386,226|16|32|150
1789,12017|12370|12130|12387,222|17|34|150
1796,12031|12362|12126|12242,20|1|2|90
1797,12032|12363|12127|12243,23|2|4|90
1798,12033|12364|12127|12244,43|3|6|90
1799,12034|12365|12128|12245,62|4|8|90
1800,12035|12366|12128|12246,89|5|10|90
1801,12036|12367|12129|12247,101|6|12|90
1802,12037|12368|12129|12248,114|7|14|90
1803,12038|12369|12129|12249,127|8|16|90
1804,12039|12370|12130|12250,133|9|18|90
1805,12040|12370|12130|12381,141|10|20|90
1806,12011|12370|12130|12382,108|11|22|90
1807,12012|12370|12130|12383,131|12|24|90
1808,12013|12370|12130|12384,154|13|26|90
1809,12014|12370|12130|12385,176|14|28|90
1810,12015|12370|12130|12386,173|15|30|90
1811,12016|12370|12130|12387,170|16|32|90
1817,12031|12362|12126|12242,15|1|2|90
1818,12032|12363|12127|12243,18|2|4|90
1819,12033|12364|12127|12244,35|3|6|90
1820,12034|12365|12128|12245,50|4|8|90
1821,12035|12366|12128|12246,81|5|10|90
1822,12036|12367|12129|12247,105|6|12|90
1823,12037|12368|12129|12248,113|7|14|90
1824,12038|12369|12129|12249,132|8|16|90
1825,12039|12370|12130|12250,147|9|18|90
1826,12040|12370|12130|12381,151|10|20|90
1827,12011|12370|12130|12382,120|11|22|90
1828,12012|12370|12130|12383,151|12|24|90
1829,12013|12370|12130|12384,181|13|26|90
1830,12014|12370|12130|12385,204|14|28|90
1831,12015|12370|12130|12386,204|15|30|90
1847,12001|12362|12126|12242,9|1|2|60
1848,12002|12363|12127|12243,9|2|4|60
1849,12003|12364|12127|12244,14|3|6|60
1850,12004|12365|12128|12245,21|4|8|60
1851,12005|12366|12128|12246,34|5|10|60
1852,12006|12367|12129|12247,33|6|12|60
1853,12007|12368|12129|12248,40|7|14|60
1854,12008|12369|12129|12249,48|8|16|60
1855,12009|12370|12130|12250,49|9|18|60
1856,12010|12370|12130|12381,50|10|20|60
1857,12011|12370|12130|12382,59|11|22|60
1858,12012|12370|12130|12383,75|12|24|60
1859,12013|12370|12130|12384,88|13|26|60
1860,12014|12370|12130|12385,96|14|28|60
1861,12015|12370|12130|12386,99|15|30|60
1862,12016|12370|12130|12387,99|16|32|60
1868,8004|8005|12363|12243,1|1|1|80
1869,8005|8033|12364|12244,1|1|2|80
1870,8006|8006|12365|12245,1|1|3|80
1871,8036|8036|12366|12246,1|1|4|80
1872,8007|8008|12367|12247,1|1|5|80
1873,8009|8010|12368|12248,1|1|6|80
1874,8011|8137|12369|12249,1|1|7|80
1875,8012|8138|12370|12250,1|1|8|80
1876,8013|8013|12370|12381,1|1|9|80
1877,8014|8015|12370|12382,1|1|10|80
1878,8015|8015|12370|12383,1|1|11|80
1879,8017|8017|12370|12384,1|1|12|80
1880,8018|8017|12370|12385,1|1|13|80
1881,8017|8016|12370|12386,1|1|14|80
1882,8018|8018|12370|12387,1|1|15|80
